endpoint_id,actor_id,platform,handle_or_domain,profile_url,endpoint_type,verification_status,evidence_url,verified_at,priority,ingest_enabled,languages,collection_mode,public_export_policy,notes
by_belarus1__website__tvr_by_eng,by_belarus1,website,tvr.by/eng,https://www.tvr.by/eng/,website,official_primary,https://www.tvr.by/eng/,2026-07-18,normal,True,be|ru|en|de,metadata_text_hash_and_links,inherit,
by_belta__website__eng_belta_by,by_belta,website,eng.belta.by,https://eng.belta.by/,website,official_primary,https://eng.belta.by/,2026-07-18,critical,True,be|ru|en|de,metadata_text_hash_and_links,inherit,
by_embassy_germany__website__germany_mfa_gov_by_en,by_embassy_germany,website,germany.mfa.gov.by/en,https://germany.mfa.gov.by/en/,website,official_primary,https://germany.mfa.gov.by/en/,2026-07-18,high,True,be|ru|en|de,metadata_text_hash_and_links,inherit,
by_mfa__instagram__belarusmfa,by_mfa,instagram,belarusmfa,https://www.instagram.com/belarusmfa/,account,official_primary,https://mfa.gov.by/en/press/socialmedia/,2026-07-18,critical,True,ru|be|en,posts_and_metadata,inherit,
by_mfa__telegram__belarusmfa,by_mfa,telegram,BelarusMFA,https://t.me/BelarusMFA,account,official_primary,https://mfa.gov.by/en/press/socialmedia/,2026-07-18,critical,True,ru|be|en,posts_and_metadata,inherit,
by_mfa__website__mfa_gov_by_en,by_mfa,website,mfa.gov.by/en,https://mfa.gov.by/en/,website,official_primary,https://mfa.gov.by/en/,2026-07-18,critical,True,be|ru|en|de,metadata_text_hash_and_links,inherit,
by_mfa__x__belarusmfa,by_mfa,x,BelarusMFA,https://x.com/BelarusMFA,account,official_primary,https://mfa.gov.by/en/press/socialmedia/,2026-07-18,critical,True,ru|be|en,posts_and_metadata,inherit,
by_mfa__x__belarusmid,by_mfa,x,BelarusMID,https://x.com/BelarusMID,account,official_primary,https://mfa.gov.by/en/press/socialmedia/,2026-07-18,critical,True,ru|be|en,posts_and_metadata,inherit,
by_mfa__youtube__belarusmfa,by_mfa,youtube,BelarusMFA,https://www.youtube.com/user/BelarusMFA,account,official_primary,https://mfa.gov.by/en/press/socialmedia/,2026-07-18,critical,True,ru|be|en,posts_and_metadata,inherit,
by_mod__website__mil_by_en,by_mod,website,mil.by/en,https://www.mil.by/en/,website,official_primary,https://www.mil.by/en/,2026-07-18,high,True,be|ru|en|de,metadata_text_hash_and_links,inherit,
by_ont__website__ont_by,by_ont,website,ont.by,https://ont.by/,website,official_primary,https://ont.by/,2026-07-18,normal,True,be|ru|en|de,metadata_text_hash_and_links,inherit,
by_president__website__president_gov_by_en,by_president,website,president.gov.by/en,https://president.gov.by/en,website,official_primary,https://president.gov.by/en,2026-07-18,high,True,be|ru|en|de,metadata_text_hash_and_links,inherit,
by_sb__website__sb_by_en,by_sb,website,sb.by/en,https://www.sb.by/en/,website,official_primary,https://www.sb.by/en/,2026-07-18,high,True,be|ru|en|de,metadata_text_hash_and_links,inherit,
cn_belt_road_portal__website__eng_yidaiyilu_gov_cn,cn_belt_road_portal,website,eng.yidaiyilu.gov.cn,https://eng.yidaiyilu.gov.cn/,website,official_primary,https://eng.yidaiyilu.gov.cn/,2026-07-18,normal,True,zh|en|de,metadata_text_hash_and_links,inherit,
cn_cctv__website__english_cctv_com,cn_cctv,website,english.cctv.com,https://english.cctv.com/,website,official_primary,https://english.cctv.com/,2026-07-18,high,True,zh|en|de,metadata_text_hash_and_links,inherit,
cn_cgtn__instagram__cgtn,cn_cgtn,instagram,cgtn,https://www.instagram.com/cgtn/,account,official_platform,https://www.instagram.com/cgtn/,2026-07-18,high,True,en|zh,posts_and_metadata,inherit,
cn_cgtn__website__cgtn_com,cn_cgtn,website,cgtn.com,https://www.cgtn.com/,website,official_primary,https://www.cgtn.com/,2026-07-18,critical,True,zh|en|de,metadata_text_hash_and_links,inherit,
cn_cgtn__x__cgtnofficial,cn_cgtn,x,CGTNOfficial,https://x.com/CGTNOfficial,account,official_platform,https://x.com/CGTNOfficial,2026-07-18,high,True,en|zh,posts_and_metadata,inherit,
cn_china_coast_guard__website__ccg_gov_cn,cn_china_coast_guard,website,ccg.gov.cn,https://www.ccg.gov.cn/,website,official_primary,https://www.ccg.gov.cn/,2026-07-18,high,True,zh|en|de,metadata_text_hash_and_links,inherit,
cn_china_daily__website__chinadaily_com_cn,cn_china_daily,website,chinadaily.com.cn,https://www.chinadaily.com.cn/,website,official_primary,https://www.chinadaily.com.cn/,2026-07-18,high,True,zh|en|de,metadata_text_hash_and_links,inherit,
cn_china_daily__x__chinadaily,cn_china_daily,x,ChinaDaily,https://x.com/ChinaDaily,account,official_platform,https://x.com/ChinaDaily,2026-07-18,high,True,en|zh,posts_and_metadata,inherit,
cn_china_merchants_port__website__cmport_com_hk,cn_china_merchants_port,website,cmport.com.hk,https://www.cmport.com.hk/,website,official_primary,https://www.cmport.com.hk/,2026-07-18,normal,True,zh|en|de,metadata_text_hash_and_links,inherit,
cn_china_military__website__eng_chinamil_com_cn,cn_china_military,website,eng.chinamil.com.cn,http://eng.chinamil.com.cn/,website,official_primary,http://eng.chinamil.com.cn/,2026-07-18,high,True,zh|en|de,metadata_text_hash_and_links,inherit,
cn_cosco__website__en_coscoshipping_com,cn_cosco,website,en.coscoshipping.com,https://en.coscoshipping.com/,website,official_primary,https://en.coscoshipping.com/,2026-07-18,high,True,zh|en|de,metadata_text_hash_and_links,inherit,
cn_embassy_germany__website__de_china_embassy_gov_cn_det,cn_embassy_germany,website,de.china-embassy.gov.cn/det,http://de.china-embassy.gov.cn/det/,website,official_primary,http://de.china-embassy.gov.cn/det/,2026-07-18,critical,True,zh|en|de,metadata_text_hash_and_links,inherit,
cn_embassy_germany__x__chinaembgermany,cn_embassy_germany,x,ChinaEmbGermany,https://x.com/ChinaEmbGermany,account,official_platform,https://x.com/ChinaEmbGermany,2026-07-18,high,True,en|zh,posts_and_metadata,inherit,
cn_glassbridge__pattern__coordinated_content_placement_and_syndication_network,cn_glassbridge,pattern,coordinated content placement and syndication network,,discovery_rule,research_attributed,,2026-07-18,critical,True,de|en|zh,dynamic_discovery,inherit,
cn_glassbridge__website__recordedfuture_com_research_chinese_influence_operation_targets_us_elections,cn_glassbridge,website,recordedfuture.com/research/chinese-influence-operation-targets-us-elections,https://www.recordedfuture.com/research/chinese-influence-operation-targets-us-elections,website_or_pattern_reference,research_attributed,https://www.recordedfuture.com/research/chinese-influence-operation-targets-us-elections,2026-07-18,high,True,zh|en|de,metadata_text_hash_and_links,inherit,
cn_global_times__website__globaltimes_cn,cn_global_times,website,globaltimes.cn,https://www.globaltimes.cn/,website,official_primary,https://www.globaltimes.cn/,2026-07-18,high,True,zh|en|de,metadata_text_hash_and_links,inherit,
cn_global_times__x__globaltimesnews,cn_global_times,x,globaltimesnews,https://x.com/globaltimesnews,account,official_platform,https://x.com/globaltimesnews,2026-07-18,high,True,en|zh,posts_and_metadata,inherit,
cn_hai_energy__website__mandiant_com_resources_blog_pro_prc_influence_campaign_hai_energy,cn_hai_energy,website,mandiant.com/resources/blog/pro-prc-influence-campaign-hai-energy,https://www.mandiant.com/resources/blog/pro-prc-influence-campaign-hai-energy,website_or_pattern_reference,research_attributed,https://www.mandiant.com/resources/blog/pro-prc-influence-campaign-hai-energy,2026-07-18,high,True,zh|en|de,metadata_text_hash_and_links,inherit,
cn_maritime_safety_admin__website__msa_gov_cn,cn_maritime_safety_admin,website,msa.gov.cn,https://www.msa.gov.cn/,website,official_primary,https://www.msa.gov.cn/,2026-07-18,high,True,zh|en|de,metadata_text_hash_and_links,inherit,
cn_mfa__instagram__mfa_china,cn_mfa,instagram,mfa_china,https://www.instagram.com/mfa_china/,account,official_platform,https://www.instagram.com/mfa_china/,2026-07-18,high,True,en|zh,posts_and_metadata,inherit,
cn_mfa__website__mfa_gov_cn_eng,cn_mfa,website,mfa.gov.cn/eng,https://www.mfa.gov.cn/eng/,website,official_primary,https://www.mfa.gov.cn/eng/,2026-07-18,critical,True,zh|en|de,metadata_text_hash_and_links,inherit,
cn_mfa__x__mfa_china,cn_mfa,x,MFA_China,https://x.com/MFA_China,account,official_platform,https://x.com/MFA_China,2026-07-18,high,True,en|zh,posts_and_metadata,inherit,
cn_paperwall__pattern__pseudo_local_news_domains_with_shared_infrastructure,cn_paperwall,pattern,pseudo-local news domains with shared infrastructure,,discovery_rule,research_attributed,,2026-07-18,critical,True,de|en|zh,dynamic_discovery,inherit,
cn_paperwall__website__citizenlab_ca_2024_02_paperwall_chinese_websites_local_news_outlets,cn_paperwall,website,citizenlab.ca/2024/02/paperwall-chinese-websites-local-news-outlets,https://citizenlab.ca/2024/02/paperwall-chinese-websites-local-news-outlets/,website_or_pattern_reference,research_attributed,https://citizenlab.ca/2024/02/paperwall-chinese-websites-local-news-outlets/,2026-07-18,high,True,zh|en|de,metadata_text_hash_and_links,inherit,
cn_peoples_daily__website__en_people_cn,cn_peoples_daily,website,en.people.cn,http://en.people.cn/,website,official_primary,http://en.people.cn/,2026-07-18,high,True,zh|en|de,metadata_text_hash_and_links,inherit,
cn_peoples_daily__x__pdchina,cn_peoples_daily,x,PDChina,https://x.com/PDChina,account,official_platform,https://x.com/PDChina,2026-07-18,high,True,en|zh,posts_and_metadata,inherit,
cn_scio__website__english_scio_gov_cn,cn_scio,website,english.scio.gov.cn,http://english.scio.gov.cn/,website,official_primary,http://english.scio.gov.cn/,2026-07-18,high,True,zh|en|de,metadata_text_hash_and_links,inherit,
cn_spamouflage__pattern__new_repurposed_account_clusters_sharing_prc_aligned_media,cn_spamouflage,pattern,new/repurposed account clusters sharing PRC-aligned media,,discovery_rule,research_attributed,,2026-07-18,critical,True,de|en|zh,dynamic_discovery,inherit,
cn_spamouflage__website__blog_google_threat_analysis_group_over_50000_instances_of_dragonbridge_activity_disrupted_in_2022,cn_spamouflage,website,blog.google/threat-analysis-group/over-50000-instances-of-dragonbridge-activity-disrupted-in-2022,https://blog.google/threat-analysis-group/over-50000-instances-of-dragonbridge-activity-disrupted-in-2022/,website_or_pattern_reference,research_attributed,https://blog.google/threat-analysis-group/over-50000-instances-of-dragonbridge-activity-disrupted-in-2022/,2026-07-18,critical,True,zh|en|de,metadata_text_hash_and_links,inherit,
cn_xinhua__instagram__chinaxinhuanews,cn_xinhua,instagram,chinaxinhuanews,https://www.instagram.com/chinaxinhuanews/,account,official_platform,https://www.instagram.com/chinaxinhuanews/,2026-07-18,high,True,en|zh,posts_and_metadata,inherit,
cn_xinhua__website__english_news_cn,cn_xinhua,website,english.news.cn,https://english.news.cn/,website,official_primary,https://english.news.cn/,2026-07-18,critical,True,zh|en|de,metadata_text_hash_and_links,inherit,
cn_xinhua__x__xhnews,cn_xinhua,x,XHNews,https://x.com/XHNews,account,official_platform,https://x.com/XHNews,2026-07-18,high,True,en|zh,posts_and_metadata,inherit,
de_afd_brandenburg__website__afd_brandenburg_de,de_afd_brandenburg,website,afd-brandenburg.de,https://afd-brandenburg.de/,evidence_or_official_website,official_primary,https://afd-brandenburg.de/,2026-07-18,high,True,de,metadata_text_hash_and_links,inherit,For political actors this endpoint is evidence/identity support; social collection uses separately verified endpoints.
de_afd_bund__instagram__afd_bund,de_afd_bund,instagram,afd.bund,https://www.instagram.com/afd.bund/,account,official_primary,https://www.instagram.com/afd.bund/,2026-07-18,critical,True,de,posts_and_metadata,inherit,
de_afd_bund__telegram__afdkompakt,de_afd_bund,telegram,afdkompakt,https://t.me/afdkompakt,account,official_primary,https://t.me/afdkompakt,2026-07-18,critical,True,de,posts_and_metadata,inherit,
de_afd_bund__x__afd,de_afd_bund,x,AfD,https://x.com/AfD,account,official_primary,https://x.com/AfD,2026-07-18,critical,True,de,posts_and_metadata,inherit,
de_afd_bund__youtube__afdtv,de_afd_bund,youtube,@AfDTV,https://www.youtube.com/@AfDTV,account,official_primary,https://www.youtube.com/@AfDTV,2026-07-18,critical,True,de,posts_and_metadata,inherit,
de_afd_bundestag__website__afdbundestag_de,de_afd_bundestag,website,afdbundestag.de,https://afdbundestag.de/,evidence_or_official_website,official_primary,https://afdbundestag.de/,2026-07-18,critical,True,de,metadata_text_hash_and_links,inherit,For political actors this endpoint is evidence/identity support; social collection uses separately verified endpoints.
de_afd_mecklenburg_vorpommern__website__afd_mv_de,de_afd_mecklenburg_vorpommern,website,afd-mv.de,https://afd-mv.de/,evidence_or_official_website,official_primary,https://afd-mv.de/,2026-07-18,high,True,de,metadata_text_hash_and_links,inherit,For political actors this endpoint is evidence/identity support; social collection uses separately verified endpoints.
de_afd_sachsen__website__afdsachsen_de,de_afd_sachsen,website,afdsachsen.de,https://afdsachsen.de/,evidence_or_official_website,official_primary,https://afdsachsen.de/,2026-07-18,high,True,de,metadata_text_hash_and_links,inherit,For political actors this endpoint is evidence/identity support; social collection uses separately verified endpoints.
de_afd_sachsen_anhalt__website__afd_lsa_de,de_afd_sachsen_anhalt,website,afd-lsa.de,https://afd-lsa.de/,evidence_or_official_website,official_primary,https://afd-lsa.de/,2026-07-18,high,True,de,metadata_text_hash_and_links,inherit,For political actors this endpoint is evidence/identity support; social collection uses separately verified endpoints.
de_afd_thueringen__website__afd_thueringen_de,de_afd_thueringen,website,afd-thueringen.de,https://afd-thueringen.de/,evidence_or_official_website,official_primary,https://afd-thueringen.de/,2026-07-18,high,True,de,metadata_text_hash_and_links,inherit,For political actors this endpoint is evidence/identity support; social collection uses separately verified endpoints.
de_afd_tv__website__youtube_com_afdtv,de_afd_tv,website,youtube.com/@AfDTV,https://www.youtube.com/@AfDTV,evidence_or_official_website,official_primary,https://www.youtube.com/@AfDTV,2026-07-18,high,True,de,metadata_text_hash_and_links,inherit,For political actors this endpoint is evidence/identity support; social collection uses separately verified endpoints.
de_alexander_dobrindt__website__search_gesis_org_research_data_za9076,de_alexander_dobrindt,website,search.gesis.org/research_data/ZA9076,https://search.gesis.org/research_data/ZA9076,evidence_or_official_website,official_primary,https://search.gesis.org/research_data/ZA9076,2026-07-18,high,False,de,metadata_only,inherit,For political actors this endpoint is evidence/identity support; social collection uses separately verified endpoints.
de_alice_weidel__instagram__alice_weidel,de_alice_weidel,instagram,alice.weidel,https://www.instagram.com/alice.weidel/,account,official_or_primary_crosslink,https://www.instagram.com/alice.weidel/,2026-07-18,high,True,de,posts_and_metadata,inherit,
de_alice_weidel__tiktok__alice_weidel_afd,de_alice_weidel,tiktok,alice_weidel_afd,https://www.tiktok.com/@alice_weidel_afd,account,official_or_primary_crosslink,https://www.tiktok.com/@alice_weidel_afd,2026-07-18,high,True,de,posts_and_metadata,inherit,
de_alice_weidel__x__alice_weidel,de_alice_weidel,x,Alice_Weidel,https://x.com/Alice_Weidel,account,official_or_primary_crosslink,https://x.com/Alice_Weidel,2026-07-18,high,True,de,posts_and_metadata,inherit,
de_amid_rabieh__website__bsw_vg_de_partei_parteivorstand,de_amid_rabieh,website,bsw-vg.de/partei/parteivorstand,https://bsw-vg.de/partei/parteivorstand/,evidence_or_official_website,official_primary,https://bsw-vg.de/partei/parteivorstand/,2026-07-18,normal,False,de,metadata_only,inherit,For political actors this endpoint is evidence/identity support; social collection uses separately verified endpoints.
de_amira_mohamed_ali__x__amira_m_ali,de_amira_mohamed_ali,x,Amira_M_Ali,https://x.com/Amira_M_Ali,account,official_or_primary_crosslink,https://x.com/Amira_M_Ali,2026-07-18,high,True,de,posts_and_metadata,inherit,
de_annalena_baerbock__website__search_gesis_org_research_data_za9076,de_annalena_baerbock,website,search.gesis.org/research_data/ZA9076,https://search.gesis.org/research_data/ZA9076,evidence_or_official_website,official_primary,https://search.gesis.org/research_data/ZA9076,2026-07-18,high,False,de,metadata_only,inherit,For political actors this endpoint is evidence/identity support; social collection uses separately verified endpoints.
de_anti_spiegel__telegram__antispiegel,de_anti_spiegel,telegram,AntiSpiegel,https://t.me/AntiSpiegel,account,official_platform_or_crosslink,https://t.me/AntiSpiegel,2026-07-18,high,True,de,posts_and_metadata,inherit,
de_anti_spiegel__website__anti_spiegel_ru,de_anti_spiegel,website,anti-spiegel.ru,https://anti-spiegel.ru/,website,official_primary,https://anti-spiegel.ru/,2026-07-18,critical,True,de,articles_metadata_text_hash,inherit,
de_apollo_news__website__apollo_news_net,de_apollo_news,website,apollo-news.net,https://apollo-news.net/,website,official_primary,https://apollo-news.net/,2026-07-18,critical,True,de,articles_metadata_text_hash,inherit,
de_apollo_news__x__apollo_news_de,de_apollo_news,x,apollo_news_de,https://x.com/apollo_news_de,account,official_platform_or_crosslink,https://x.com/apollo_news_de,2026-07-18,high,True,de,posts_and_metadata,inherit,
de_apolut__telegram__apolut_net,de_apolut,telegram,apolut_net,https://t.me/apolut_net,account,official_platform_or_crosslink,https://t.me/apolut_net,2026-07-18,high,True,de,posts_and_metadata,inherit,
de_apolut__website__apolut_net,de_apolut,website,apolut.net,https://apolut.net/,website,official_primary,https://apolut.net/,2026-07-18,high,True,de,articles_metadata_text_hash,inherit,
de_auf1__instagram__auf1_tv,de_auf1,instagram,auf1.tv,https://www.instagram.com/auf1.tv/,account,official_platform_or_crosslink,https://www.instagram.com/auf1.tv/,2026-07-18,high,True,de,posts_and_metadata,inherit,
de_auf1__telegram__auf1tv,de_auf1,telegram,auf1tv,https://t.me/auf1tv,account,official_platform_or_crosslink,https://t.me/auf1tv,2026-07-18,high,True,de,posts_and_metadata,inherit,
de_auf1__website__auf1_tv,de_auf1,website,auf1.tv,https://auf1.tv/,website,official_primary,https://auf1.tv/,2026-07-18,critical,True,de,articles_metadata_text_hash,inherit,
de_auf1__youtube__auf1tv,de_auf1,youtube,@auf1tv,https://www.youtube.com/@auf1tv,account,official_platform_or_crosslink,https://www.youtube.com/@auf1tv,2026-07-18,high,True,de,posts_and_metadata,inherit,
de_auswaertiges_amt__x__auswaertigesamt,de_auswaertiges_amt,x,AuswaertigesAmt,https://x.com/AuswaertigesAmt,account,official_platform,https://x.com/AuswaertigesAmt,2026-07-18,high,True,de,posts_and_metadata,inherit,
de_beatrix_von_storch__x__beatrix_vstorch,de_beatrix_von_storch,x,Beatrix_vStorch,https://x.com/Beatrix_vStorch,account,official_or_primary_crosslink,https://x.com/Beatrix_vStorch,2026-07-18,high,True,de,posts_and_metadata,inherit,
de_bjoern_hoecke__instagram__bjoern_hoecke_afd,de_bjoern_hoecke,instagram,bjoern_hoecke_afd,https://www.instagram.com/bjoern_hoecke_afd/,account,official_or_primary_crosslink,https://www.instagram.com/bjoern_hoecke_afd/,2026-07-18,high,True,de,posts_and_metadata,inherit,
de_bjoern_hoecke__x__bjoernhoecke,de_bjoern_hoecke,x,BjoernHoecke,https://x.com/BjoernHoecke,account,official_or_primary_crosslink,https://x.com/BjoernHoecke,2026-07-18,high,True,de,posts_and_metadata,inherit,
de_bmvg__x__bmvg_bundeswehr,de_bmvg,x,BMVg_Bundeswehr,https://x.com/BMVg_Bundeswehr,account,official_platform,https://x.com/BMVg_Bundeswehr,2026-07-18,high,True,de,posts_and_metadata,inherit,
de_bodo_ramelow__website__die_linke_de_partei_parteidemokratie_parteivorstand,de_bodo_ramelow,website,die-linke.de/partei/parteidemokratie/parteivorstand,https://www.die-linke.de/partei/parteidemokratie/parteivorstand/,evidence_or_official_website,official_primary,https://www.die-linke.de/partei/parteidemokratie/parteivorstand/,2026-07-18,high,False,de,metadata_only,inherit,For political actors this endpoint is evidence/identity support; social collection uses separately verified endpoints.
de_boris_pistorius__website__search_gesis_org_research_data_za9076,de_boris_pistorius,website,search.gesis.org/research_data/ZA9076,https://search.gesis.org/research_data/ZA9076,evidence_or_official_website,official_primary,https://search.gesis.org/research_data/ZA9076,2026-07-18,critical,False,de,metadata_only,inherit,For political actors this endpoint is evidence/identity support; social collection uses separately verified endpoints.
de_bsw_brandenburg__website__bb_bsw_vg_de,de_bsw_brandenburg,website,bb.bsw-vg.de,https://bb.bsw-vg.de/,evidence_or_official_website,official_primary,https://bb.bsw-vg.de/,2026-07-18,high,True,de,metadata_text_hash_and_links,inherit,For political actors this endpoint is evidence/identity support; social collection uses separately verified endpoints.
de_bsw_bund__facebook__bsw_bund,de_bsw_bund,facebook,BSW.Bund,https://www.facebook.com/BSW.Bund,account,official_primary,https://bsw-vg.de/impressum/,2026-07-18,critical,True,de,posts_and_metadata,inherit,
de_bsw_bund__instagram__bsw_bund,de_bsw_bund,instagram,bsw.bund,https://www.instagram.com/bsw.bund,account,official_primary,https://bsw-vg.de/impressum/,2026-07-18,critical,True,de,posts_and_metadata,inherit,
de_bsw_bund__tiktok__bsw_bund,de_bsw_bund,tiktok,bsw.bund,https://www.tiktok.com/@bsw.bund,account,official_primary,https://bsw-vg.de/impressum/,2026-07-18,critical,True,de,posts_and_metadata,inherit,
de_bsw_bund__x__bswbund,de_bsw_bund,x,BSWbund,https://x.com/BSWbund,account,official_primary,https://bsw-vg.de/impressum/,2026-07-18,critical,True,de,posts_and_metadata,inherit,
de_bsw_bund__youtube__bswbund,de_bsw_bund,youtube,@BSWbund,https://www.youtube.com/@BSWbund,account,official_primary,https://bsw-vg.de/impressum/,2026-07-18,critical,True,de,posts_and_metadata,inherit,
de_bsw_mecklenburg_vorpommern__website__mv_bsw_vg_de,de_bsw_mecklenburg_vorpommern,website,mv.bsw-vg.de,https://mv.bsw-vg.de/,evidence_or_official_website,official_primary,https://mv.bsw-vg.de/,2026-07-18,high,True,de,metadata_text_hash_and_links,inherit,For political actors this endpoint is evidence/identity support; social collection uses separately verified endpoints.
de_bsw_sachsen_anhalt__website__st_bsw_vg_de,de_bsw_sachsen_anhalt,website,st.bsw-vg.de,https://st.bsw-vg.de/,evidence_or_official_website,official_primary,https://st.bsw-vg.de/,2026-07-18,high,True,de,metadata_text_hash_and_links,inherit,For political actors this endpoint is evidence/identity support; social collection uses separately verified endpoints.
de_bsw_thueringen__website__th_bsw_vg_de,de_bsw_thueringen,website,th.bsw-vg.de,https://th.bsw-vg.de/,evidence_or_official_website,official_primary,https://th.bsw-vg.de/,2026-07-18,high,True,de,metadata_text_hash_and_links,inherit,For political actors this endpoint is evidence/identity support; social collection uses separately verified endpoints.
de_bundesregierung__x__bundesregierung,de_bundesregierung,x,Bundesregierung,https://x.com/Bundesregierung,account,official_platform,https://x.com/Bundesregierung,2026-07-18,high,True,de,posts_and_metadata,inherit,
de_carola_rackete__website__die_linke_de_partei_parteidemokratie_parteivorstand,de_carola_rackete,website,die-linke.de/partei/parteidemokratie/parteivorstand,https://www.die-linke.de/partei/parteidemokratie/parteivorstand/,evidence_or_official_website,official_primary,https://www.die-linke.de/partei/parteidemokratie/parteivorstand/,2026-07-18,high,False,de,metadata_only,inherit,For political actors this endpoint is evidence/identity support; social collection uses separately verified endpoints.
de_carsten_linnemann__website__search_gesis_org_research_data_za9076,de_carsten_linnemann,website,search.gesis.org/research_data/ZA9076,https://search.gesis.org/research_data/ZA9076,evidence_or_official_website,official_primary,https://search.gesis.org/research_data/ZA9076,2026-07-18,high,False,de,metadata_only,inherit,For political actors this endpoint is evidence/identity support; social collection uses separately verified endpoints.
de_cdu_bund__x__cdu,de_cdu_bund,x,CDU,https://x.com/CDU,account,official_platform,https://x.com/CDU,2026-07-18,high,True,de,posts_and_metadata,inherit,
de_cem_oezdemir__website__search_gesis_org_research_data_za9076,de_cem_oezdemir,website,search.gesis.org/research_data/ZA9076,https://search.gesis.org/research_data/ZA9076,evidence_or_official_website,official_primary,https://search.gesis.org/research_data/ZA9076,2026-07-18,high,False,de,metadata_only,inherit,For political actors this endpoint is evidence/identity support; social collection uses separately verified endpoints.
de_christian_duerr__website__bundesregierung_de_breg_de_bundesregierung_bundeskabinett,de_christian_duerr,website,bundesregierung.de/breg-de/bundesregierung/bundeskabinett,https://www.bundesregierung.de/breg-de/bundesregierung/bundeskabinett,evidence_or_official_website,official_primary,https://www.bundesregierung.de/breg-de/bundesregierung/bundeskabinett,2026-07-18,normal,False,de,metadata_only,inherit,For political actors this endpoint is evidence/identity support; social collection uses separately verified endpoints.
de_christian_leye__website__bsw_vg_de_partei_parteivorstand,de_christian_leye,website,bsw-vg.de/partei/parteivorstand,https://bsw-vg.de/partei/parteivorstand/,evidence_or_official_website,official_primary,https://bsw-vg.de/partei/parteivorstand/,2026-07-18,normal,False,de,metadata_only,inherit,For political actors this endpoint is evidence/identity support; social collection uses separately verified endpoints.
de_christian_lindner__x__c_lindner,de_christian_lindner,x,c_lindner,https://x.com/c_lindner,account,research_dataset_or_primary_crosslink,https://search.gesis.org/research_data/ZA9076,2026-07-18,high,True,de,posts_and_metadata,inherit,
de_christina_baum__website__bundestag_de_abgeordnete_biografien_b_baum_christina_1043510,de_christina_baum,website,bundestag.de/abgeordnete/biografien/B/baum_christina-1043510,https://www.bundestag.de/abgeordnete/biografien/B/baum_christina-1043510,evidence_or_official_website,official_primary,https://www.bundestag.de/abgeordnete/biografien/B/baum_christina-1043510,2026-07-18,normal,False,de,metadata_only,inherit,For political actors this endpoint is evidence/identity support; social collection uses separately verified endpoints.
de_compact__website__compact_online_de,de_compact,website,compact-online.de,https://www.compact-online.de/,website,official_primary,https://www.compact-online.de/,2026-07-18,high,True,de,articles_metadata_text_hash,inherit,
de_csu_bund__x__csu,de_csu_bund,x,CSU,https://x.com/CSU,account,official_platform,https://x.com/CSU,2026-07-18,high,True,de,posts_and_metadata,inherit,
de_deutschland_kurier__website__deutschlandkurier_de,de_deutschland_kurier,website,deutschlandkurier.de,https://deutschlandkurier.de/,website,official_primary,https://deutschlandkurier.de/,2026-07-18,high,True,de,articles_metadata_text_hash,inherit,
de_deutschland_kurier__x__deu_kurier,de_deutschland_kurier,x,Deu_Kurier,https://x.com/Deu_Kurier,account,official_platform_or_crosslink,https://x.com/Deu_Kurier,2026-07-18,high,True,de,posts_and_metadata,inherit,
de_dietmar_bartsch__website__die_linke_de_partei_parteidemokratie_parteivorstand,de_dietmar_bartsch,website,die-linke.de/partei/parteidemokratie/parteivorstand,https://www.die-linke.de/partei/parteidemokratie/parteivorstand/,evidence_or_official_website,official_primary,https://www.die-linke.de/partei/parteidemokratie/parteivorstand/,2026-07-18,normal,False,de,metadata_only,inherit,For political actors this endpoint is evidence/identity support; social collection uses separately verified endpoints.
de_dorothee_baer__website__bundesregierung_de_breg_de_bundesregierung_bundeskabinett,de_dorothee_baer,website,bundesregierung.de/breg-de/bundesregierung/bundeskabinett,https://www.bundesregierung.de/breg-de/bundesregierung/bundeskabinett,evidence_or_official_website,official_primary,https://www.bundesregierung.de/breg-de/bundesregierung/bundeskabinett,2026-07-18,high,False,de,metadata_only,inherit,For political actors this endpoint is evidence/identity support; social collection uses separately verified endpoints.
de_epoch_times__website__epochtimes_de,de_epoch_times,website,epochtimes.de,https://www.epochtimes.de/,website,official_primary,https://www.epochtimes.de/,2026-07-18,high,True,de,articles_metadata_text_hash,inherit,
de_epoch_times__x__epochtimesde,de_epoch_times,x,EpochTimesDE,https://x.com/EpochTimesDE,account,official_platform_or_crosslink,https://x.com/EpochTimesDE,2026-07-18,high,True,de,posts_and_metadata,inherit,
de_fabio_de_masi__x__fabiodemasi,de_fabio_de_masi,x,FabioDeMasi,https://x.com/FabioDeMasi,account,official_or_primary_crosslink,https://x.com/FabioDeMasi,2026-07-18,high,True,de,posts_and_metadata,inherit,
de_fdp_bund__x__fdp,de_fdp_bund,x,fdp,https://x.com/fdp,account,official_platform,https://x.com/fdp,2026-07-18,high,True,de,posts_and_metadata,inherit,
de_felix_banaszak__website__search_gesis_org_research_data_za9076,de_felix_banaszak,website,search.gesis.org/research_data/ZA9076,https://search.gesis.org/research_data/ZA9076,evidence_or_official_website,official_primary,https://search.gesis.org/research_data/ZA9076,2026-07-18,high,False,de,metadata_only,inherit,For political actors this endpoint is evidence/identity support; social collection uses separately verified endpoints.
de_ferat_kocak__x__ferat_kocak,de_ferat_kocak,x,ferat_kocak,https://x.com/ferat_kocak,account,official_or_primary_crosslink,https://x.com/ferat_kocak,2026-07-18,high,True,de,posts_and_metadata,inherit,
de_franziska_brantner__website__search_gesis_org_research_data_za9076,de_franziska_brantner,website,search.gesis.org/research_data/ZA9076,https://search.gesis.org/research_data/ZA9076,evidence_or_official_website,official_primary,https://search.gesis.org/research_data/ZA9076,2026-07-18,high,False,de,metadata_only,inherit,For political actors this endpoint is evidence/identity support; social collection uses separately verified endpoints.
de_freie_sachsen__telegram__freie_sachsen,de_freie_sachsen,telegram,freie_sachsen,https://t.me/freie_sachsen,account,official_platform_or_crosslink,https://t.me/freie_sachsen,2026-07-18,high,True,de,posts_and_metadata,inherit,
de_freie_sachsen__website__freie_sachsen_info,de_freie_sachsen,website,freie-sachsen.info,https://freie-sachsen.info/,website,official_primary,https://freie-sachsen.info/,2026-07-18,critical,True,de,articles_metadata_text_hash,inherit,
de_friedrich_merz__x__friedrichmerz,de_friedrich_merz,x,_FriedrichMerz,https://x.com/_FriedrichMerz,account,research_dataset_or_primary_crosslink,https://search.gesis.org/research_data/ZA9076,2026-07-18,high,True,de,posts_and_metadata,inherit,
de_friedrich_puerner__instagram__puernerfriedrich,de_friedrich_puerner,instagram,puernerfriedrich,https://www.instagram.com/puernerfriedrich/,account,official_or_primary_crosslink,https://www.instagram.com/puernerfriedrich/,2026-07-18,high,True,de,posts_and_metadata,inherit,
de_friedrich_puerner__tiktok__friedrich_puerner,de_friedrich_puerner,tiktok,friedrich.puerner,https://www.tiktok.com/@friedrich.puerner,account,official_or_primary_crosslink,https://www.tiktok.com/@friedrich.puerner,2026-07-18,high,True,de,posts_and_metadata,inherit,
de_friedrich_puerner__x__drpuerner,de_friedrich_puerner,x,DrPuerner,https://x.com/DrPuerner,account,official_or_primary_crosslink,https://x.com/DrPuerner,2026-07-18,high,True,de,posts_and_metadata,inherit,
de_generation_deutschland__website__afd_de_generation_deutschland,de_generation_deutschland,website,afd.de/generation-deutschland,https://www.afd.de/generation-deutschland/,evidence_or_official_website,official_primary,https://www.afd.de/generation-deutschland/,2026-07-18,high,True,de,metadata_text_hash_and_links,inherit,For political actors this endpoint is evidence/identity support; social collection uses separately verified endpoints.
de_gottfried_curio__website__bundestag_de_abgeordnete_biografien_c_curio_gottfried_1044074,de_gottfried_curio,website,bundestag.de/abgeordnete/biografien/C/curio_gottfried-1044074,https://www.bundestag.de/abgeordnete/biografien/C/curio_gottfried-1044074,evidence_or_official_website,official_primary,https://www.bundestag.de/abgeordnete/biografien/C/curio_gottfried-1044074,2026-07-18,high,False,de,metadata_only,inherit,For political actors this endpoint is evidence/identity support; social collection uses separately verified endpoints.
de_gregor_gysi__instagram__gregorgysi,de_gregor_gysi,instagram,gregorgysi,https://www.instagram.com/gregorgysi/,account,official_or_primary_crosslink,https://www.instagram.com/gregorgysi/,2026-07-18,high,True,de,posts_and_metadata,inherit,
de_gregor_gysi__x__gregorgysi,de_gregor_gysi,x,GregorGysi,https://x.com/GregorGysi,account,official_or_primary_crosslink,https://x.com/GregorGysi,2026-07-18,high,True,de,posts_and_metadata,inherit,
de_gruene_bund__x__die_gruenen,de_gruene_bund,x,Die_Gruenen,https://x.com/Die_Gruenen,account,official_platform,https://x.com/Die_Gruenen,2026-07-18,high,True,de,posts_and_metadata,inherit,
de_hannes_gnauck__website__bundestag_de_abgeordnete_biografien_g_gnauck_hannes_1044704,de_hannes_gnauck,website,bundestag.de/abgeordnete/biografien/G/gnauck_hannes-1044704,https://www.bundestag.de/abgeordnete/biografien/G/gnauck_hannes-1044704,evidence_or_official_website,official_primary,https://www.bundestag.de/abgeordnete/biografien/G/gnauck_hannes-1044704,2026-07-18,high,False,de,metadata_only,inherit,For political actors this endpoint is evidence/identity support; social collection uses separately verified endpoints.
de_hans_georg_maassen__x__hgmaassen,de_hans_georg_maassen,x,HGMaassen,https://x.com/HGMaassen,account,official_or_primary_crosslink,https://x.com/HGMaassen,2026-07-18,high,True,de,posts_and_metadata,inherit,
de_heidi_reichinnek__bluesky__heidireichinnek_de,de_heidi_reichinnek,bluesky,heidireichinnek.de,https://bsky.app/profile/heidireichinnek.de,account,official_or_primary_crosslink,https://bsky.app/profile/heidireichinnek.de,2026-07-18,high,True,de,posts_and_metadata,inherit,
de_heidi_reichinnek__instagram__heidireichinnek,de_heidi_reichinnek,instagram,heidireichinnek,https://www.instagram.com/heidireichinnek/,account,official_or_primary_crosslink,https://www.instagram.com/heidireichinnek/,2026-07-18,high,True,de,posts_and_metadata,inherit,
de_heidi_reichinnek__tiktok__heidireichinnek,de_heidi_reichinnek,tiktok,heidireichinnek,https://www.tiktok.com/@heidireichinnek,account,official_or_primary_crosslink,https://www.tiktok.com/@heidireichinnek,2026-07-18,high,True,de,posts_and_metadata,inherit,
de_ines_schwerdtner__website__die_linke_de_partei_parteidemokratie_parteivorstand,de_ines_schwerdtner,website,die-linke.de/partei/parteidemokratie/parteivorstand,https://www.die-linke.de/partei/parteidemokratie/parteivorstand/,evidence_or_official_website,official_primary,https://www.die-linke.de/partei/parteidemokratie/parteivorstand/,2026-07-18,high,False,de,metadata_only,inherit,For political actors this endpoint is evidence/identity support; social collection uses separately verified endpoints.
de_jan_van_aken__website__die_linke_de_partei_parteidemokratie_parteivorstand,de_jan_van_aken,website,die-linke.de/partei/parteidemokratie/parteivorstand,https://www.die-linke.de/partei/parteidemokratie/parteivorstand/,evidence_or_official_website,official_primary,https://www.die-linke.de/partei/parteidemokratie/parteivorstand/,2026-07-18,high,False,de,metadata_only,inherit,For political actors this endpoint is evidence/identity support; social collection uses separately verified endpoints.
de_jean_pascal_hohm__website__afd_de_bundesvorstand,de_jean_pascal_hohm,website,afd.de/bundesvorstand,https://www.afd.de/bundesvorstand/,evidence_or_official_website,official_primary,https://www.afd.de/bundesvorstand/,2026-07-18,high,False,de,metadata_only,inherit,For political actors this endpoint is evidence/identity support; social collection uses separately verified endpoints.
de_jens_spahn__x__jensspahn,de_jens_spahn,x,jensspahn,https://x.com/jensspahn,account,research_dataset_or_primary_crosslink,https://search.gesis.org/research_data/ZA9076,2026-07-18,high,True,de,posts_and_metadata,inherit,
de_jessica_tatti__website__bsw_vg_de_partei_parteivorstand,de_jessica_tatti,website,bsw-vg.de/partei/parteivorstand,https://bsw-vg.de/partei/parteivorstand/,evidence_or_official_website,official_primary,https://bsw-vg.de/partei/parteivorstand/,2026-07-18,normal,False,de,metadata_only,inherit,For political actors this endpoint is evidence/identity support; social collection uses separately verified endpoints.
de_joana_cotar__x__joanacotar,de_joana_cotar,x,JoanaCotar,https://x.com/JoanaCotar,account,official_or_primary_crosslink,https://x.com/JoanaCotar,2026-07-18,high,True,de,posts_and_metadata,inherit,
de_johann_wadephul__website__search_gesis_org_research_data_za9076,de_johann_wadephul,website,search.gesis.org/research_data/ZA9076,https://search.gesis.org/research_data/ZA9076,evidence_or_official_website,official_primary,https://search.gesis.org/research_data/ZA9076,2026-07-18,high,False,de,metadata_only,inherit,For political actors this endpoint is evidence/identity support; social collection uses separately verified endpoints.
de_jsw_bund__website__bsw_vg_de,de_jsw_bund,website,bsw-vg.de,https://bsw-vg.de/,evidence_or_official_website,official_primary,https://bsw-vg.de/,2026-07-18,normal,True,de,metadata_text_hash_and_links,inherit,For political actors this endpoint is evidence/identity support; social collection uses separately verified endpoints.
de_julia_kloeckner__website__search_gesis_org_research_data_za9076,de_julia_kloeckner,website,search.gesis.org/research_data/ZA9076,https://search.gesis.org/research_data/ZA9076,evidence_or_official_website,official_primary,https://search.gesis.org/research_data/ZA9076,2026-07-18,high,False,de,metadata_only,inherit,For political actors this endpoint is evidence/identity support; social collection uses separately verified endpoints.
de_julian_reichelt__website__nius_de,de_julian_reichelt,website,nius.de,https://www.nius.de/,website,official_primary,https://www.nius.de/,2026-07-18,critical,True,de,articles_metadata_text_hash,inherit,
de_junge_freiheit__instagram__jungefreiheit,de_junge_freiheit,instagram,jungefreiheit,https://www.instagram.com/jungefreiheit/,account,official_platform_or_crosslink,https://www.instagram.com/jungefreiheit/,2026-07-18,high,True,de,posts_and_metadata,inherit,
de_junge_freiheit__website__jungefreiheit_de,de_junge_freiheit,website,jungefreiheit.de,https://jungefreiheit.de/,website,official_primary,https://jungefreiheit.de/,2026-07-18,critical,True,de,articles_metadata_text_hash,inherit,
de_junge_freiheit__x__junge_freiheit,de_junge_freiheit,x,Junge_Freiheit,https://x.com/Junge_Freiheit,account,official_platform_or_crosslink,https://x.com/Junge_Freiheit,2026-07-18,high,True,de,posts_and_metadata,inherit,
de_junge_freiheit__youtube__junge_freiheit,de_junge_freiheit,youtube,@Junge_Freiheit,https://www.youtube.com/@Junge_Freiheit,account,official_platform_or_crosslink,https://www.youtube.com/@Junge_Freiheit,2026-07-18,high,True,de,posts_and_metadata,inherit,
de_junge_welt__website__jungewelt_de,de_junge_welt,website,jungewelt.de,https://www.jungewelt.de/,website,official_primary,https://www.jungewelt.de/,2026-07-18,normal,True,de,articles_metadata_text_hash,inherit,
de_karl_lauterbach__x__karl_lauterbach,de_karl_lauterbach,x,Karl_Lauterbach,https://x.com/Karl_Lauterbach,account,research_dataset_or_primary_crosslink,https://search.gesis.org/research_data/ZA9076,2026-07-18,high,True,de,posts_and_metadata,inherit,
de_katharina_droege__website__search_gesis_org_research_data_za9076,de_katharina_droege,website,search.gesis.org/research_data/ZA9076,https://search.gesis.org/research_data/ZA9076,evidence_or_official_website,official_primary,https://search.gesis.org/research_data/ZA9076,2026-07-18,high,False,de,metadata_only,inherit,For political actors this endpoint is evidence/identity support; social collection uses separately verified endpoints.
de_kay_gottschalk__website__bundestag_de_abgeordnete_biografien_g_gottschalk_kay_1044736,de_kay_gottschalk,website,bundestag.de/abgeordnete/biografien/G/gottschalk_kay-1044736,https://www.bundestag.de/abgeordnete/biografien/G/gottschalk_kay-1044736,evidence_or_official_website,official_primary,https://www.bundestag.de/abgeordnete/biografien/G/gottschalk_kay-1044736,2026-07-18,high,False,de,metadata_only,inherit,For political actors this endpoint is evidence/identity support; social collection uses separately verified endpoints.
de_klaus_ernst__website__bsw_vg_de_partei_parteivorstand,de_klaus_ernst,website,bsw-vg.de/partei/parteivorstand,https://bsw-vg.de/partei/parteivorstand/,evidence_or_official_website,official_primary,https://bsw-vg.de/partei/parteivorstand/,2026-07-18,high,False,de,metadata_only,inherit,For political actors this endpoint is evidence/identity support; social collection uses separately verified endpoints.
de_konstantin_kuhle__website__search_gesis_org_research_data_za9076,de_konstantin_kuhle,website,search.gesis.org/research_data/ZA9076,https://search.gesis.org/research_data/ZA9076,evidence_or_official_website,official_primary,https://search.gesis.org/research_data/ZA9076,2026-07-18,normal,False,de,metadata_only,inherit,For political actors this endpoint is evidence/identity support; social collection uses separately verified endpoints.
de_lars_klingbeil__x__larsklingbeil,de_lars_klingbeil,x,larsklingbeil,https://x.com/larsklingbeil,account,research_dataset_or_primary_crosslink,https://search.gesis.org/research_data/ZA9076,2026-07-18,high,True,de,posts_and_metadata,inherit,
de_linke_bund__facebook__linkspartei,de_linke_bund,facebook,linkspartei,https://www.facebook.com/linkspartei/,account,official_primary,https://www.die-linke.de/fileadmin/user_upload/Antragsheft_3_neu.pdf,2026-07-18,critical,True,de,posts_and_metadata,inherit,
de_linke_bund__instagram__dielinke,de_linke_bund,instagram,dielinke,https://www.instagram.com/dielinke/,account,official_primary,https://www.die-linke.de/fileadmin/user_upload/Antragsheft_3_neu.pdf,2026-07-18,critical,True,de,posts_and_metadata,inherit,
de_linke_bund__telegram__dielinke,de_linke_bund,telegram,dielinke,https://t.me/dielinke,account,official_primary,https://www.die-linke.de/fileadmin/user_upload/Antragsheft_3_neu.pdf,2026-07-18,critical,True,de,posts_and_metadata,inherit,
de_linke_bund__tiktok__die_linke,de_linke_bund,tiktok,die.linke,https://www.tiktok.com/@die.linke,account,official_primary,https://www.die-linke.de/fileadmin/user_upload/Antragsheft_3_neu.pdf,2026-07-18,critical,True,de,posts_and_metadata,inherit,
de_linke_bund__x__dielinke,de_linke_bund,x,dielinke,https://x.com/dielinke,account,official_primary,https://www.die-linke.de/fileadmin/user_upload/Antragsheft_3_neu.pdf,2026-07-18,critical,True,de,posts_and_metadata,inherit,
de_linke_bund__youtube__dielinke,de_linke_bund,youtube,dielinke,https://www.youtube.com/user/dielinke,account,official_primary,https://www.die-linke.de/fileadmin/user_upload/Antragsheft_3_neu.pdf,2026-07-18,critical,True,de,posts_and_metadata,inherit,
de_linke_bundestag__website__die_linke_im_bundestag_de,de_linke_bundestag,website,die-linke-im-bundestag.de,https://www.die-linke-im-bundestag.de/,evidence_or_official_website,official_primary,https://www.die-linke-im-bundestag.de/,2026-07-18,high,True,de,metadata_text_hash_and_links,inherit,For political actors this endpoint is evidence/identity support; social collection uses separately verified endpoints.
de_linksjugend__website__linksjugend_solid_de,de_linksjugend,website,linksjugend-solid.de,https://www.linksjugend-solid.de/,evidence_or_official_website,official_primary,https://www.linksjugend-solid.de/,2026-07-18,normal,True,de,metadata_text_hash_and_links,inherit,For political actors this endpoint is evidence/identity support; social collection uses separately verified endpoints.
de_luigi_pantisano__website__die_linke_de_partei_parteidemokratie_parteivorstand,de_luigi_pantisano,website,die-linke.de/partei/parteidemokratie/parteivorstand,https://www.die-linke.de/partei/parteidemokratie/parteivorstand/,evidence_or_official_website,official_primary,https://www.die-linke.de/partei/parteidemokratie/parteivorstand/,2026-07-18,high,False,de,metadata_only,inherit,For political actors this endpoint is evidence/identity support; social collection uses separately verified endpoints.
de_manova__website__manova_news,de_manova,website,manova.news,https://www.manova.news/,website,official_primary,https://www.manova.news/,2026-07-18,normal,True,de,articles_metadata_text_hash,inherit,
de_marie_agnes_strack_zimmermann__x__mastrackzi,de_marie_agnes_strack_zimmermann,x,MAStrackZi,https://x.com/MAStrackZi,account,research_dataset_or_primary_crosslink,https://search.gesis.org/research_data/ZA9076,2026-07-18,high,True,de,posts_and_metadata,inherit,
de_markus_frohnmaier__website__bundestag_de_abgeordnete_biografien_f_frohnmaier_markus_1044498,de_markus_frohnmaier,website,bundestag.de/abgeordnete/biografien/F/frohnmaier_markus-1044498,https://www.bundestag.de/abgeordnete/biografien/F/frohnmaier_markus-1044498,evidence_or_official_website,official_primary,https://www.bundestag.de/abgeordnete/biografien/F/frohnmaier_markus-1044498,2026-07-18,high,False,de,metadata_only,inherit,For political actors this endpoint is evidence/identity support; social collection uses separately verified endpoints.
de_markus_soeder__instagram__markus_soeder,de_markus_soeder,instagram,markus.soeder,https://www.instagram.com/markus.soeder/,account,research_dataset_or_primary_crosslink,https://search.gesis.org/research_data/ZA9076,2026-07-18,high,True,de,posts_and_metadata,inherit,
de_markus_soeder__x__markus_soeder,de_markus_soeder,x,Markus_Soeder,https://x.com/Markus_Soeder,account,research_dataset_or_primary_crosslink,https://search.gesis.org/research_data/ZA9076,2026-07-18,high,True,de,posts_and_metadata,inherit,
de_martin_schirdewan__website__die_linke_de_partei_parteidemokratie_parteivorstand,de_martin_schirdewan,website,die-linke.de/partei/parteidemokratie/parteivorstand,https://www.die-linke.de/partei/parteidemokratie/parteivorstand/,evidence_or_official_website,official_primary,https://www.die-linke.de/partei/parteidemokratie/parteivorstand/,2026-07-18,normal,False,de,metadata_only,inherit,For political actors this endpoint is evidence/identity support; social collection uses separately verified endpoints.
de_martin_sellner__website__martin_sellner_at,de_martin_sellner,website,martin-sellner.at,https://www.martin-sellner.at/,website,official_primary,https://www.martin-sellner.at/,2026-07-18,critical,True,de,articles_metadata_text_hash,inherit,
de_martin_sichert__website__bundestag_de_abgeordnete_biografien_s_sichert_martin_1047276,de_martin_sichert,website,bundestag.de/abgeordnete/biografien/S/sichert_martin-1047276,https://www.bundestag.de/abgeordnete/biografien/S/sichert_martin-1047276,evidence_or_official_website,official_primary,https://www.bundestag.de/abgeordnete/biografien/S/sichert_martin-1047276,2026-07-18,high,False,de,metadata_only,inherit,For political actors this endpoint is evidence/identity support; social collection uses separately verified endpoints.
de_matthias_helferich__instagram__matthiashelferichafd,de_matthias_helferich,instagram,matthiashelferichafd,https://www.instagram.com/matthiashelferichafd/,account,official_or_primary_crosslink,https://www.instagram.com/matthiashelferichafd/,2026-07-18,high,True,de,posts_and_metadata,inherit,
de_matthias_helferich__x__matthiasmdb,de_matthias_helferich,x,MatthiasMdb,https://x.com/MatthiasMdb,account,official_or_primary_crosslink,https://x.com/MatthiasMdb,2026-07-18,high,True,de,posts_and_metadata,inherit,
de_matthias_helferich__youtube__matthiashelferichmdb,de_matthias_helferich,youtube,@matthiashelferichmdb,https://www.youtube.com/@matthiashelferichmdb,account,official_or_primary_crosslink,https://www.youtube.com/@matthiashelferichmdb,2026-07-18,high,True,de,posts_and_metadata,inherit,
de_maximilian_krah__instagram__maximilian_krah,de_maximilian_krah,instagram,maximilian.krah,https://www.instagram.com/maximilian.krah/,account,official_or_primary_crosslink,https://www.instagram.com/maximilian.krah/,2026-07-18,high,True,de,posts_and_metadata,inherit,
de_maximilian_krah__tiktok__maximilian_krah,de_maximilian_krah,tiktok,maximilian_krah,https://www.tiktok.com/@maximilian_krah,account,official_or_primary_crosslink,https://www.tiktok.com/@maximilian_krah,2026-07-18,high,True,de,posts_and_metadata,inherit,
de_maximilian_krah__x__krahmax,de_maximilian_krah,x,krahmax,https://x.com/krahmax,account,official_or_primary_crosslink,https://x.com/krahmax,2026-07-18,high,True,de,posts_and_metadata,inherit,
de_maximilian_krah__youtube__dr_maximiliankrah5116,de_maximilian_krah,youtube,@dr.maximiliankrah5116,https://www.youtube.com/@dr.maximiliankrah5116,account,official_or_primary_crosslink,https://www.youtube.com/@dr.maximiliankrah5116,2026-07-18,high,True,de,posts_and_metadata,inherit,
de_michael_lueders__website__bsw_vg_de_partei_parteivorstand,de_michael_lueders,website,bsw-vg.de/partei/parteivorstand,https://bsw-vg.de/partei/parteivorstand/,evidence_or_official_website,official_primary,https://bsw-vg.de/partei/parteivorstand/,2026-07-18,high,False,de,metadata_only,inherit,For political actors this endpoint is evidence/identity support; social collection uses separately verified endpoints.
de_multipolar__website__multipolar_magazin_de,de_multipolar,website,multipolar-magazin.de,https://multipolar-magazin.de/,website,official_primary,https://multipolar-magazin.de/,2026-07-18,normal,True,de,articles_metadata_text_hash,inherit,
de_nachdenkseiten__website__nachdenkseiten_de,de_nachdenkseiten,website,nachdenkseiten.de,https://www.nachdenkseiten.de/,website,official_primary,https://www.nachdenkseiten.de/,2026-07-18,high,True,de,articles_metadata_text_hash,inherit,
de_nachdenkseiten__x__nachdenkseiten,de_nachdenkseiten,x,NachDenkSeiten,https://x.com/NachDenkSeiten,account,official_platform_or_crosslink,https://x.com/NachDenkSeiten,2026-07-18,high,True,de,posts_and_metadata,inherit,
de_naomi_seibt__website__x_com_seibtnaomi,de_naomi_seibt,website,x.com/SeibtNaomi,https://x.com/SeibtNaomi,website,official_primary,https://x.com/SeibtNaomi,2026-07-18,high,True,de,articles_metadata_text_hash,inherit,
de_naomi_seibt__x__seibtnaomi,de_naomi_seibt,x,SeibtNaomi,https://x.com/SeibtNaomi,account,official_platform_or_crosslink,https://x.com/SeibtNaomi,2026-07-18,high,True,de,posts_and_metadata,inherit,
de_nius__instagram__nius_de,de_nius,instagram,nius.de,https://www.instagram.com/nius.de/,account,official_platform_or_crosslink,https://www.instagram.com/nius.de/,2026-07-18,high,True,de,posts_and_metadata,inherit,
de_nius__website__nius_de,de_nius,website,nius.de,https://www.nius.de/,website,official_primary,https://www.nius.de/,2026-07-18,critical,True,de,articles_metadata_text_hash,inherit,
de_norbert_roettgen__x__n_roettgen,de_norbert_roettgen,x,n_roettgen,https://x.com/n_roettgen,account,research_dataset_or_primary_crosslink,https://search.gesis.org/research_data/ZA9076,2026-07-18,high,True,de,posts_and_metadata,inherit,
de_oezlem_demirel__website__die_linke_de_partei_parteidemokratie_parteivorstand,de_oezlem_demirel,website,die-linke.de/partei/parteidemokratie/parteivorstand,https://www.die-linke.de/partei/parteidemokratie/parteivorstand/,evidence_or_official_website,official_primary,https://www.die-linke.de/partei/parteidemokratie/parteivorstand/,2026-07-18,high,False,de,metadata_only,inherit,For political actors this endpoint is evidence/identity support; social collection uses separately verified endpoints.
de_oliver_ruhnert__website__bsw_vg_de_partei_parteivorstand,de_oliver_ruhnert,website,bsw-vg.de/partei/parteivorstand,https://bsw-vg.de/partei/parteivorstand/,evidence_or_official_website,official_primary,https://bsw-vg.de/partei/parteivorstand/,2026-07-18,normal,False,de,metadata_only,inherit,For political actors this endpoint is evidence/identity support; social collection uses separately verified endpoints.
de_omid_nouripour__x__nouripour,de_omid_nouripour,x,nouripour,https://x.com/nouripour,account,research_dataset_or_primary_crosslink,https://search.gesis.org/research_data/ZA9076,2026-07-18,high,True,de,posts_and_metadata,inherit,
de_overton__website__overton_magazin_de,de_overton,website,overton-magazin.de,https://overton-magazin.de/,website,official_primary,https://overton-magazin.de/,2026-07-18,normal,True,de,articles_metadata_text_hash,inherit,
de_petr_bystron__website__europarl_europa_eu_meps_en_256937_petr_bystron_home,de_petr_bystron,website,europarl.europa.eu/meps/en/256937/PETR_BYSTRON/home,https://www.europarl.europa.eu/meps/en/256937/PETR_BYSTRON/home,evidence_or_official_website,official_primary,https://www.europarl.europa.eu/meps/en/256937/PETR_BYSTRON/home,2026-07-18,high,False,de,metadata_only,inherit,For political actors this endpoint is evidence/identity support; social collection uses separately verified endpoints.
de_ralf_stegner__website__search_gesis_org_research_data_za9076,de_ralf_stegner,website,search.gesis.org/research_data/ZA9076,https://search.gesis.org/research_data/ZA9076,evidence_or_official_website,official_primary,https://search.gesis.org/research_data/ZA9076,2026-07-18,high,False,de,metadata_only,inherit,For political actors this endpoint is evidence/identity support; social collection uses separately verified endpoints.
de_ralph_suikat__website__bsw_vg_de_partei_parteivorstand,de_ralph_suikat,website,bsw-vg.de/partei/parteivorstand,https://bsw-vg.de/partei/parteivorstand/,evidence_or_official_website,official_primary,https://bsw-vg.de/partei/parteivorstand/,2026-07-18,normal,False,de,metadata_only,inherit,For political actors this endpoint is evidence/identity support; social collection uses separately verified endpoints.
de_reitschuster__telegram__reitschusterde,de_reitschuster,telegram,reitschusterde,https://t.me/reitschusterde,account,official_platform_or_crosslink,https://t.me/reitschusterde,2026-07-18,high,True,de,posts_and_metadata,inherit,
de_reitschuster__website__reitschuster_de,de_reitschuster,website,reitschuster.de,https://reitschuster.de/,website,official_primary,https://reitschuster.de/,2026-07-18,high,True,de,articles_metadata_text_hash,inherit,
de_reitschuster__x__reitschuster,de_reitschuster,x,reitschuster,https://x.com/reitschuster,account,official_platform_or_crosslink,https://x.com/reitschuster,2026-07-18,high,True,de,posts_and_metadata,inherit,
de_rene_springer__instagram__springer_rene,de_rene_springer,instagram,springer_rene,https://www.instagram.com/springer_rene/,account,official_or_primary_crosslink,https://www.instagram.com/springer_rene/,2026-07-18,high,True,de,posts_and_metadata,inherit,
de_rene_springer__x__rene_springer,de_rene_springer,x,rene_springer,https://x.com/rene_springer,account,official_or_primary_crosslink,https://x.com/rene_springer,2026-07-18,high,True,de,posts_and_metadata,inherit,
de_rezo__website__youtube_com_rezo,de_rezo,website,youtube.com/@rezo,https://www.youtube.com/@rezo,website,official_primary,https://www.youtube.com/@rezo,2026-07-18,normal,True,de,articles_metadata_text_hash,inherit,
de_ricarda_lang__x__ricarda_lang,de_ricarda_lang,x,Ricarda_Lang,https://x.com/Ricarda_Lang,account,research_dataset_or_primary_crosslink,https://search.gesis.org/research_data/ZA9076,2026-07-18,high,True,de,posts_and_metadata,inherit,
de_roderich_kiesewetter__x__rkiesewetter,de_roderich_kiesewetter,x,RKiesewetter,https://x.com/RKiesewetter,account,research_dataset_or_primary_crosslink,https://search.gesis.org/research_data/ZA9076,2026-07-18,high,True,de,posts_and_metadata,inherit,
de_sahra_wagenknecht__x__swagenknecht,de_sahra_wagenknecht,x,SWagenknecht,https://x.com/SWagenknecht,account,official_or_primary_crosslink,https://x.com/SWagenknecht,2026-07-18,high,True,de,posts_and_metadata,inherit,
de_sawsan_chebli__website__search_gesis_org_research_data_za9076,de_sawsan_chebli,website,search.gesis.org/research_data/ZA9076,https://search.gesis.org/research_data/ZA9076,evidence_or_official_website,official_primary,https://search.gesis.org/research_data/ZA9076,2026-07-18,normal,False,de,metadata_only,inherit,For political actors this endpoint is evidence/identity support; social collection uses separately verified endpoints.
de_sebastian_muenzenmaier__website__bundestag_de_abgeordnete_biografien_m_muenzenmaier_sebastian_1046338,de_sebastian_muenzenmaier,website,bundestag.de/abgeordnete/biografien/M/muenzenmaier_sebastian-1046338,https://www.bundestag.de/abgeordnete/biografien/M/muenzenmaier_sebastian-1046338,evidence_or_official_website,official_primary,https://www.bundestag.de/abgeordnete/biografien/M/muenzenmaier_sebastian-1046338,2026-07-18,high,False,de,metadata_only,inherit,For political actors this endpoint is evidence/identity support; social collection uses separately verified endpoints.
de_shervin_haghsheno__website__bsw_vg_de_partei_parteivorstand,de_shervin_haghsheno,website,bsw-vg.de/partei/parteivorstand,https://bsw-vg.de/partei/parteivorstand/,evidence_or_official_website,official_primary,https://bsw-vg.de/partei/parteivorstand/,2026-07-18,normal,False,de,metadata_only,inherit,For political actors this endpoint is evidence/identity support; social collection uses separately verified endpoints.
de_soeren_pellmann__website__die_linke_de_partei_parteidemokratie_parteivorstand,de_soeren_pellmann,website,die-linke.de/partei/parteidemokratie/parteivorstand,https://www.die-linke.de/partei/parteidemokratie/parteivorstand/,evidence_or_official_website,official_primary,https://www.die-linke.de/partei/parteidemokratie/parteivorstand/,2026-07-18,high,False,de,metadata_only,inherit,For political actors this endpoint is evidence/identity support; social collection uses separately verified endpoints.
de_spd_bund__x__spdde,de_spd_bund,x,spdde,https://x.com/spdde,account,official_platform,https://x.com/spdde,2026-07-18,high,True,de,posts_and_metadata,inherit,
de_stephan_brandner__website__bundestag_de_abgeordnete_biografien_b_brandner_stephan_1043762,de_stephan_brandner,website,bundestag.de/abgeordnete/biografien/B/brandner_stephan-1043762,https://www.bundestag.de/abgeordnete/biografien/B/brandner_stephan-1043762,evidence_or_official_website,official_primary,https://www.bundestag.de/abgeordnete/biografien/B/brandner_stephan-1043762,2026-07-18,high,False,de,metadata_only,inherit,For political actors this endpoint is evidence/identity support; social collection uses separately verified endpoints.
de_tichys_einblick__website__tichyseinblick_de,de_tichys_einblick,website,tichyseinblick.de,https://www.tichyseinblick.de/,website,official_primary,https://www.tichyseinblick.de/,2026-07-18,high,True,de,articles_metadata_text_hash,inherit,
de_tichys_einblick__x__tichyseinblick,de_tichys_einblick,x,TichysEinblick,https://x.com/TichysEinblick,account,official_platform_or_crosslink,https://x.com/TichysEinblick,2026-07-18,high,True,de,posts_and_metadata,inherit,
de_tilo_jung__website__jungundnaiv_de,de_tilo_jung,website,jungundnaiv.de,https://www.jungundnaiv.de/,website,official_primary,https://www.jungundnaiv.de/,2026-07-18,normal,True,de,articles_metadata_text_hash,inherit,
de_tim_kellner__website__youtube_com_timkellner,de_tim_kellner,website,youtube.com/@TimKellner,https://www.youtube.com/@TimKellner,website,official_primary,https://www.youtube.com/@TimKellner,2026-07-18,high,True,de,articles_metadata_text_hash,inherit,
de_tim_kellner__youtube__timkellner,de_tim_kellner,youtube,@TimKellner,https://www.youtube.com/@TimKellner,account,official_platform_or_crosslink,https://www.youtube.com/@TimKellner,2026-07-18,high,True,de,posts_and_metadata,inherit,
de_tino_chrupalla__instagram__chrupallatino,de_tino_chrupalla,instagram,chrupallatino,https://www.instagram.com/chrupallatino/,account,official_or_primary_crosslink,https://www.instagram.com/chrupallatino/,2026-07-18,high,True,de,posts_and_metadata,inherit,
de_tino_chrupalla__tiktok__tino_chrupalla_afd,de_tino_chrupalla,tiktok,tino.chrupalla.afd,https://www.tiktok.com/@tino.chrupalla.afd,account,official_or_primary_crosslink,https://www.tiktok.com/@tino.chrupalla.afd,2026-07-18,high,True,de,posts_and_metadata,inherit,
de_tino_chrupalla__x__tino_chrupalla,de_tino_chrupalla,x,Tino_Chrupalla,https://x.com/Tino_Chrupalla,account,official_or_primary_crosslink,https://x.com/Tino_Chrupalla,2026-07-18,high,True,de,posts_and_metadata,inherit,
de_ulrich_siegmund__tiktok__mutzurwahrheit90,de_ulrich_siegmund,tiktok,mutzurwahrheit90,https://www.tiktok.com/@mutzurwahrheit90,account,official_or_primary_crosslink,https://www.tiktok.com/@mutzurwahrheit90,2026-07-18,high,True,de,posts_and_metadata,inherit,
de_ulrich_siegmund__x__ulrichsiegmund,de_ulrich_siegmund,x,UlrichSiegmund,https://x.com/UlrichSiegmund,account,official_or_primary_crosslink,https://x.com/UlrichSiegmund,2026-07-18,high,True,de,posts_and_metadata,inherit,
de_wolfgang_kubicki__x__kubickiwo,de_wolfgang_kubicki,x,KubickiWo,https://x.com/KubickiWo,account,research_dataset_or_primary_crosslink,https://search.gesis.org/research_data/ZA9076,2026-07-18,high,True,de,posts_and_metadata,inherit,
ir_alalam__website__alalam_ir,ir_alalam,website,alalam.ir,https://www.alalam.ir/,website,official_primary,https://www.alalam.ir/,2026-07-18,high,True,fa|en|ar|de,metadata_text_hash_and_links,inherit,
ir_embassy_germany__website__germany_mfa_gov_ir_en,ir_embassy_germany,website,germany.mfa.gov.ir/en,https://germany.mfa.gov.ir/en,website,official_primary,https://germany.mfa.gov.ir/en,2026-07-18,high,True,fa|en|ar|de,metadata_text_hash_and_links,inherit,
ir_fars__website__farsnews_ir_en,ir_fars,website,farsnews.ir/en,https://www.farsnews.ir/en,website,official_primary,https://www.farsnews.ir/en,2026-07-18,high,True,fa|en|ar|de,metadata_text_hash_and_links,inherit,
ir_irna__instagram__en_irna_ir,ir_irna,instagram,en.Irna.ir,https://www.instagram.com/en.Irna.ir/,account,official_platform_or_crosslink,https://www.instagram.com/en.Irna.ir/,2026-07-18,critical,True,en|ar|fa,posts_and_metadata,inherit,
ir_irna__telegram__irna_en,ir_irna,telegram,Irna_en,https://t.me/Irna_en,account,official_platform_or_crosslink,https://t.me/Irna_en,2026-07-18,critical,True,en|ar|fa,posts_and_metadata,inherit,
ir_irna__tiktok__irna_en,ir_irna,tiktok,irna_en,https://www.tiktok.com/@irna_en,account,official_platform_or_crosslink,https://www.tiktok.com/@irna_en,2026-07-18,critical,True,en|ar|fa,posts_and_metadata,inherit,
ir_irna__website__en_irna_ir,ir_irna,website,en.irna.ir,https://en.irna.ir/,website,official_primary,https://en.irna.ir/,2026-07-18,critical,True,fa|en|ar|de,metadata_text_hash_and_links,inherit,
ir_irna__x__irnaenglish,ir_irna,x,IrnaEnglish,https://x.com/IrnaEnglish,account,official_platform_or_crosslink,https://x.com/IrnaEnglish,2026-07-18,critical,True,en|ar|fa,posts_and_metadata,inherit,
ir_mehr__website__en_mehrnews_com,ir_mehr,website,en.mehrnews.com,https://en.mehrnews.com/,website,official_primary,https://en.mehrnews.com/,2026-07-18,normal,True,fa|en|ar|de,metadata_text_hash_and_links,inherit,
ir_mfa__website__en_mfa_ir,ir_mfa,website,en.mfa.ir,https://en.mfa.ir/,website,official_primary,https://en.mfa.ir/,2026-07-18,critical,True,fa|en|ar|de,metadata_text_hash_and_links,inherit,
ir_mfa__x__irimfa_en,ir_mfa,x,IRIMFA_EN,https://x.com/IRIMFA_EN,account,official_platform_or_crosslink,https://x.com/IRIMFA_EN,2026-07-18,critical,True,en|ar|fa,posts_and_metadata,inherit,
ir_press_tv__website__presstv_ir,ir_press_tv,website,presstv.ir,https://www.presstv.ir/,website,official_primary,https://www.presstv.ir/,2026-07-18,critical,True,fa|en|ar|de,metadata_text_hash_and_links,inherit,
ir_press_tv__x__presstv,ir_press_tv,x,PressTV,https://x.com/PressTV,account,official_platform_or_crosslink,https://x.com/PressTV,2026-07-18,critical,True,en|ar|fa,posts_and_metadata,inherit,
ir_sepah_news__website__sepahnews_ir,ir_sepah_news,website,sepahnews.ir,https://sepahnews.ir/,website,official_primary,https://sepahnews.ir/,2026-07-18,critical,True,fa|en|ar|de,metadata_text_hash_and_links,inherit,
ir_tasnim__website__tasnimnews_com_en,ir_tasnim,website,tasnimnews.com/en,https://www.tasnimnews.com/en,website,official_primary,https://www.tasnimnews.com/en,2026-07-18,high,True,fa|en|ar|de,metadata_text_hash_and_links,inherit,
ir_tehran_times__website__tehrantimes_com,ir_tehran_times,website,tehrantimes.com,https://www.tehrantimes.com/,website,official_primary,https://www.tehrantimes.com/,2026-07-18,normal,True,fa|en|ar|de,metadata_text_hash_and_links,inherit,
kp_kcna__website__kcna_kp_en,kp_kcna,website,kcna.kp/en,http://www.kcna.kp/en,website,official_primary,http://www.kcna.kp/en,2026-07-18,low,True,en|de,metadata_text_hash_and_links,inherit,
ref_bfv__website__verfassungsschutz_de,ref_bfv,website,verfassungsschutz.de,https://www.verfassungsschutz.de/,website,official_primary,https://www.verfassungsschutz.de/,2026-07-18,high,True,de|en,articles_and_reference_cases,inherit,
ref_bsi__website__bsi_bund_de,ref_bsi,website,bsi.bund.de,https://www.bsi.bund.de/,website,official_primary,https://www.bsi.bund.de/,2026-07-18,high,True,de|en,articles_and_reference_cases,inherit,
ref_correctiv__website__correctiv_org_faktencheck,ref_correctiv,website,correctiv.org/faktencheck,https://correctiv.org/faktencheck/,website,official_primary,https://correctiv.org/faktencheck/,2026-07-18,high,True,de|en,articles_and_reference_cases,inherit,
ref_dfrlab__website__dfrlab_org,ref_dfrlab,website,dfrlab.org,https://dfrlab.org/,website,official_primary,https://dfrlab.org/,2026-07-18,high,True,de|en,articles_and_reference_cases,inherit,
ref_dpa_factcheck__website__dpa_com_de_faktencheck,ref_dpa_factcheck,website,dpa.com/de/faktencheck,https://www.dpa.com/de/faktencheck,website,official_primary,https://www.dpa.com/de/faktencheck,2026-07-18,high,True,de|en,articles_and_reference_cases,inherit,
ref_dw_factcheck__website__dw_com_de_faktencheck_t_56728869,ref_dw_factcheck,website,dw.com/de/faktencheck/t-56728869,https://www.dw.com/de/faktencheck/t-56728869,website,official_primary,https://www.dw.com/de/faktencheck/t-56728869,2026-07-18,high,True,de|en,articles_and_reference_cases,inherit,
ref_eeas_fimi__website__eeas_europa_eu_eeas_foreign_information_manipulation_interference_fimi_en,ref_eeas_fimi,website,eeas.europa.eu/eeas/foreign-information-manipulation-interference-fimi_en,https://www.eeas.europa.eu/eeas/foreign-information-manipulation-interference-fimi_en,website,official_primary,https://www.eeas.europa.eu/eeas/foreign-information-manipulation-interference-fimi_en,2026-07-18,high,True,de|en,articles_and_reference_cases,inherit,
ref_eu_disinfolab__website__disinfo_eu,ref_eu_disinfolab,website,disinfo.eu,https://www.disinfo.eu/,website,official_primary,https://www.disinfo.eu/,2026-07-18,high,True,de|en,articles_and_reference_cases,inherit,
ref_euvsdisinfo__website__euvsdisinfo_eu,ref_euvsdisinfo,website,euvsdisinfo.eu,https://euvsdisinfo.eu/,website,official_primary,https://euvsdisinfo.eu/,2026-07-18,high,True,de|en,articles_and_reference_cases,inherit,
ref_nato_stratcom__website__stratcomcoe_org,ref_nato_stratcom,website,stratcomcoe.org,https://stratcomcoe.org/,website,official_primary,https://stratcomcoe.org/,2026-07-18,high,True,de|en,articles_and_reference_cases,inherit,
ref_tagesschau_faktenfinder__website__tagesschau_de_faktenfinder,ref_tagesschau_faktenfinder,website,tagesschau.de/faktenfinder,https://www.tagesschau.de/faktenfinder/,website,official_primary,https://www.tagesschau.de/faktenfinder/,2026-07-18,high,True,de|en,articles_and_reference_cases,inherit,
ru_baltic_fleet__website__eng_mil_ru_en_structure_forces_navy_associations_structure_forces_type_navy_baltic_htm,ru_baltic_fleet,website,eng.mil.ru/en/structure/forces/navy/associations/structure/forces/type/navy/baltic.htm,https://eng.mil.ru/en/structure/forces/navy/associations/structure/forces/type/navy/baltic.htm,website,research_attributed,https://eng.mil.ru/en/structure/forces/navy/associations/structure/forces/type/navy/baltic.htm,2026-07-18,critical,True,ru|en|de,metadata_text_hash_and_links,inherit,
ru_colonelcassad__telegram__boris_rozhin,ru_colonelcassad,telegram,boris_rozhin,https://t.me/boris_rozhin,account,official_platform_or_research_attributed,https://t.me/boris_rozhin,2026-07-18,high,True,ru|en|de,posts_and_metadata,inherit,
ru_colonelcassad__website__t_me_boris_rozhin,ru_colonelcassad,website,t.me/boris_rozhin,https://t.me/boris_rozhin,website,research_attributed,https://t.me/boris_rozhin,2026-07-18,high,True,ru|en|de,metadata_text_hash_and_links,inherit,
ru_copycop__website__recordedfuture_com_research_copycop_network_expands_ai_generated_content_farms,ru_copycop,website,recordedfuture.com/research/copycop-network-expands-ai-generated-content-farms,https://www.recordedfuture.com/research/copycop-network-expands-ai-generated-content-farms,website_or_pattern_reference,research_attributed,https://www.recordedfuture.com/research/copycop-network-expands-ai-generated-content-farms,2026-07-18,high,True,ru|en|de,metadata_text_hash_and_links,inherit,
ru_doppelgaenger__pattern__impersonated_media_government_domains,ru_doppelgaenger,pattern,impersonated media/government domains,,discovery_rule,research_attributed,,2026-07-18,critical,True,de|en|ru,dynamic_discovery,metadata_analysis_only,Domain-similarity and content-template object.
ru_doppelgaenger__website__euvsdisinfo_eu_key_narratives_in_pro_kremlin_disinformation_campaign_doppelganger,ru_doppelgaenger,website,euvsdisinfo.eu/key-narratives-in-pro-kremlin-disinformation-campaign-doppelganger,https://euvsdisinfo.eu/key-narratives-in-pro-kremlin-disinformation-campaign-doppelganger/,website_or_pattern_reference,research_attributed,https://euvsdisinfo.eu/key-narratives-in-pro-kremlin-disinformation-campaign-doppelganger/,2026-07-18,critical,True,ru|en|de,metadata_text_hash_and_links,inherit,
ru_embassy_germany__instagram__rusbotschaft_deutschland,ru_embassy_germany,instagram,rusbotschaft_deutschland,https://www.instagram.com/rusbotschaft_deutschland/,account,official_platform_or_research_attributed,https://www.instagram.com/rusbotschaft_deutschland/,2026-07-18,high,True,ru|en|de,posts_and_metadata,inherit,
ru_embassy_germany__telegram__rusbotschaft,ru_embassy_germany,telegram,RusBotschaft,https://t.me/RusBotschaft,account,official_platform_or_research_attributed,https://t.me/RusBotschaft,2026-07-18,high,True,ru|en|de,posts_and_metadata,inherit,
ru_embassy_germany__telegram__rusembdeu,ru_embassy_germany,telegram,RusEmbDeu,https://t.me/RusEmbDeu,account,official_platform_or_research_attributed,https://t.me/RusEmbDeu,2026-07-18,high,True,ru|en|de,posts_and_metadata,inherit,
ru_embassy_germany__website__germany_mid_ru_de_de,ru_embassy_germany,website,germany.mid.ru/de_DE,https://germany.mid.ru/de_DE/,website,official_primary,https://germany.mid.ru/de_DE/,2026-07-18,critical,True,ru|en|de,metadata_text_hash_and_links,inherit,
ru_foundation_battle_injustice__website__fondfbr_ru,ru_foundation_battle_injustice,website,fondfbr.ru,https://fondfbr.ru/,website,research_attributed,https://fondfbr.ru/,2026-07-18,critical,True,ru|en|de,metadata_text_hash_and_links,inherit,
ru_kaliningrad_government__website__gov39_ru,ru_kaliningrad_government,website,gov39.ru,https://gov39.ru/,website,official_primary,https://gov39.ru/,2026-07-18,high,True,ru|en|de,metadata_text_hash_and_links,inherit,
ru_kremlin__website__en_kremlin_ru,ru_kremlin,website,en.kremlin.ru,https://en.kremlin.ru/,website,official_primary,https://en.kremlin.ru/,2026-07-18,critical,True,ru|en|de,metadata_text_hash_and_links,inherit,
ru_matryoshka__pattern__reply_bait_and_fake_media_visual_clusters,ru_matryoshka,pattern,reply-bait and fake-media visual clusters,,discovery_rule,research_attributed,,2026-07-18,critical,True,de|en|ru,dynamic_discovery,metadata_analysis_only,Dynamic account and media-hash object.
ru_matryoshka__website__disinfo_eu_doppelganger_and_matryoshka_two_sides_of_the_same_coin,ru_matryoshka,website,disinfo.eu/doppelganger-and-matryoshka-two-sides-of-the-same-coin,https://www.disinfo.eu/doppelganger-and-matryoshka-two-sides-of-the-same-coin/,website_or_pattern_reference,research_attributed,https://www.disinfo.eu/doppelganger-and-matryoshka-two-sides-of-the-same-coin/,2026-07-18,critical,True,ru|en|de,metadata_text_hash_and_links,inherit,
ru_mfa__telegram__mfarussia,ru_mfa,telegram,MFARussia,https://t.me/MFARussia,account,official_platform_or_research_attributed,https://t.me/MFARussia,2026-07-18,critical,True,ru|en|de,posts_and_metadata,inherit,
ru_mfa__website__mid_ru_en,ru_mfa,website,mid.ru/en,https://mid.ru/en/,website,official_primary,https://mid.ru/en/,2026-07-18,critical,True,ru|en|de,metadata_text_hash_and_links,inherit,
ru_mfa__x__mfa_russia,ru_mfa,x,mfa_russia,https://x.com/mfa_russia,account,official_platform_or_research_attributed,https://x.com/mfa_russia,2026-07-18,critical,True,ru|en|de,posts_and_metadata,inherit,
ru_mod__telegram__mod_russia,ru_mod,telegram,mod_russia,https://t.me/mod_russia,account,official_platform_or_research_attributed,https://t.me/mod_russia,2026-07-18,critical,True,ru|en|de,posts_and_metadata,inherit,
ru_mod__telegram__mod_russia_en,ru_mod,telegram,mod_russia_en,https://t.me/mod_russia_en,account,official_platform_or_research_attributed,https://t.me/mod_russia_en,2026-07-18,critical,True,ru|en|de,posts_and_metadata,inherit,
ru_mod__website__eng_mil_ru,ru_mod,website,eng.mil.ru,https://eng.mil.ru/,website,official_primary,https://eng.mil.ru/,2026-07-18,critical,True,ru|en|de,metadata_text_hash_and_links,inherit,
ru_mod__x__mod_russia,ru_mod,x,mod_russia,https://x.com/mod_russia,account,official_platform_or_research_attributed,https://x.com/mod_russia,2026-07-18,critical,True,ru|en|de,posts_and_metadata,inherit,
ru_newsfront__website__news_front_su,ru_newsfront,website,news-front.su,https://news-front.su/,website,research_attributed,https://news-front.su/,2026-07-18,critical,True,ru|en|de,metadata_text_hash_and_links,inherit,
ru_northern_fleet__website__eng_mil_ru_en_structure_forces_navy_associations_structure_forces_type_navy_north_htm,ru_northern_fleet,website,eng.mil.ru/en/structure/forces/navy/associations/structure/forces/type/navy/north.htm,https://eng.mil.ru/en/structure/forces/navy/associations/structure/forces/type/navy/north.htm,website,research_attributed,https://eng.mil.ru/en/structure/forces/navy/associations/structure/forces/type/navy/north.htm,2026-07-18,high,True,ru|en|de,metadata_text_hash_and_links,inherit,
ru_portal_kombat__pattern__pravda_news_pravda_domain_family,ru_portal_kombat,pattern,pravda-* / news-pravda domain family,,discovery_rule,research_attributed,,2026-07-18,critical,True,de|en|ru,dynamic_discovery,metadata_analysis_only,"Pattern object, not a single account."
ru_portal_kombat__website__sgdsn_gouv_fr_publications_portal_kombat_network_russian_propaganda_portals,ru_portal_kombat,website,sgdsn.gouv.fr/publications/portal-kombat-network-russian-propaganda-portals,https://www.sgdsn.gouv.fr/publications/portal-kombat-network-russian-propaganda-portals,website_or_pattern_reference,research_attributed,https://www.sgdsn.gouv.fr/publications/portal-kombat-network-russian-propaganda-portals,2026-07-18,critical,True,ru|en|de,metadata_text_hash_and_links,inherit,
ru_portnews__website__en_portnews_ru,ru_portnews,website,en.portnews.ru,https://en.portnews.ru/,website,research_attributed,https://en.portnews.ru/,2026-07-18,high,True,ru|en|de,metadata_text_hash_and_links,inherit,
ru_readovka__telegram__readovkanews,ru_readovka,telegram,readovkanews,https://t.me/readovkanews,account,official_platform_or_research_attributed,https://t.me/readovkanews,2026-07-18,high,True,ru|en|de,posts_and_metadata,inherit,
ru_readovka__website__t_me_readovkanews,ru_readovka,website,t.me/readovkanews,https://t.me/readovkanews,website,research_attributed,https://t.me/readovkanews,2026-07-18,high,True,ru|en|de,metadata_text_hash_and_links,inherit,
ru_ria__website__ria_ru,ru_ria,website,ria.ru,https://ria.ru/,website,official_primary,https://ria.ru/,2026-07-18,high,True,ru|en|de,metadata_text_hash_and_links,inherit,
ru_rosatomflot__website__rosatomflot_ru,ru_rosatomflot,website,rosatomflot.ru,https://www.rosatomflot.ru/,website,official_primary,https://www.rosatomflot.ru/,2026-07-18,high,True,ru|en|de,metadata_text_hash_and_links,inherit,
ru_rosmorrechflot__website__morflot_gov_ru,ru_rosmorrechflot,website,morflot.gov.ru,https://morflot.gov.ru/,website,official_primary,https://morflot.gov.ru/,2026-07-18,high,True,ru|en|de,metadata_text_hash_and_links,inherit,
ru_rossiya1__website__smotrim_ru_channel_1,ru_rossiya1,website,smotrim.ru/channel/1,https://smotrim.ru/channel/1,website,official_primary,https://smotrim.ru/channel/1,2026-07-18,high,True,ru|en|de,metadata_text_hash_and_links,inherit,
ru_rossiya_segodnya__website__,ru_rossiya_segodnya,website,россиясегодня.рф,https://россиясегодня.рф/,website,research_attributed,https://россиясегодня.рф/,2026-07-18,high,True,ru|en|de,metadata_text_hash_and_links,inherit,
ru_rt_de__pattern__rt_de_mirror_discovery,ru_rt_de,pattern,rt-de mirror discovery,,discovery_rule,research_attributed,,2026-07-18,critical,True,de|en|ru,dynamic_discovery,metadata_analysis_only,Discover identical RT-DE content through text/media hashes and domain infrastructure.
ru_rt_de__website__de_rt_com,ru_rt_de,website,de.rt.com,https://de.rt.com/,website,research_attributed,https://de.rt.com/,2026-07-18,critical,True,ru|en|de,metadata_text_hash_and_links,metadata_analysis_only,
ru_rt_global__telegram__rtnews,ru_rt_global,telegram,rtnews,https://t.me/rtnews,account,official_platform_or_research_attributed,https://t.me/rtnews,2026-07-18,critical,True,ru|en|de,posts_and_metadata,metadata_analysis_only,
ru_rt_global__website__rt_com,ru_rt_global,website,rt.com,https://www.rt.com/,website,official_primary,https://www.rt.com/,2026-07-18,critical,True,ru|en|de,metadata_text_hash_and_links,metadata_analysis_only,
ru_rt_global__x__rt_com,ru_rt_global,x,RT_com,https://x.com/RT_com,account,official_platform_or_research_attributed,https://x.com/RT_com,2026-07-18,critical,True,ru|en|de,posts_and_metadata,metadata_analysis_only,
ru_rybar__telegram__rybar,ru_rybar,telegram,rybar,https://t.me/rybar,account,official_platform_or_research_attributed,https://t.me/rybar,2026-07-18,critical,True,ru|en|de,posts_and_metadata,inherit,
ru_rybar__website__t_me_rybar,ru_rybar,website,t.me/rybar,https://t.me/rybar,website,research_attributed,https://t.me/rybar,2026-07-18,critical,True,ru|en|de,metadata_text_hash_and_links,inherit,
ru_soloviev_live__website__soloviev_live,ru_soloviev_live,website,soloviev.live,https://soloviev.live/,website,research_attributed,https://soloviev.live/,2026-07-18,critical,True,ru|en|de,metadata_text_hash_and_links,inherit,
ru_southfront__website__southfront_press,ru_southfront,website,southfront.press,https://southfront.press/,website,research_attributed,https://southfront.press/,2026-07-18,critical,True,ru|en|de,metadata_text_hash_and_links,inherit,
ru_sovcomflot__website__scf_group_com,ru_sovcomflot,website,scf-group.com,https://www.scf-group.com/,website,official_primary,https://www.scf-group.com/,2026-07-18,high,True,ru|en|de,metadata_text_hash_and_links,inherit,
ru_sputnik__website__sputnikglobe_com,ru_sputnik,website,sputnikglobe.com,https://sputnikglobe.com/,website,official_primary,https://sputnikglobe.com/,2026-07-18,critical,True,ru|en|de,metadata_text_hash_and_links,metadata_analysis_only,
ru_sputnik_de__pattern__sputnik_de_mirror_discovery,ru_sputnik_de,pattern,sputnik-de mirror discovery,,discovery_rule,research_attributed,,2026-07-18,critical,True,de|en|ru,dynamic_discovery,metadata_analysis_only,Discover German-language Sputnik mirrors and successor domains.
ru_sputnik_de__website__sputniknews_de,ru_sputnik_de,website,sputniknews.de,https://sputniknews.de/,website,research_attributed,https://sputniknews.de/,2026-07-18,critical,True,ru|en|de,metadata_text_hash_and_links,metadata_analysis_only,
ru_storm_1516__pattern__pseudo_media_staged_video_account_clusters,ru_storm_1516,pattern,pseudo-media + staged video account clusters,,discovery_rule,research_attributed,,2026-07-18,critical,True,de|en|ru,dynamic_discovery,metadata_analysis_only,Dynamic cluster object.
ru_storm_1516__website__microsoft_com_en_us_security_security_insider_intelligence_reports_russian_influence_operations_converge_on_2024_us_election,ru_storm_1516,website,microsoft.com/en-us/security/security-insider/intelligence-reports/russian-influence-operations-converge-on-2024-us-election,https://www.microsoft.com/en-us/security/security-insider/intelligence-reports/russian-influence-operations-converge-on-2024-us-election,website_or_pattern_reference,research_attributed,https://www.microsoft.com/en-us/security/security-insider/intelligence-reports/russian-influence-operations-converge-on-2024-us-election,2026-07-18,critical,True,ru|en|de,metadata_text_hash_and_links,inherit,
ru_strategic_culture__website__strategic_culture_su,ru_strategic_culture,website,strategic-culture.su,https://strategic-culture.su/,website,research_attributed,https://strategic-culture.su/,2026-07-18,critical,True,ru|en|de,metadata_text_hash_and_links,inherit,
ru_tass__website__tass_com,ru_tass,website,tass.com,https://tass.com/,website,official_primary,https://tass.com/,2026-07-18,high,True,ru|en|de,metadata_text_hash_and_links,inherit,
ru_tsargrad__website__tsargrad_tv,ru_tsargrad,website,tsargrad.tv,https://tsargrad.tv/,website,research_attributed,https://tsargrad.tv/,2026-07-18,high,True,ru|en|de,metadata_text_hash_and_links,inherit,
ru_two_majors__telegram__dva_majors,ru_two_majors,telegram,dva_majors,https://t.me/dva_majors,account,official_platform_or_research_attributed,https://t.me/dva_majors,2026-07-18,high,True,ru|en|de,posts_and_metadata,inherit,
ru_two_majors__website__t_me_dva_majors,ru_two_majors,website,t.me/dva_majors,https://t.me/dva_majors,website,research_attributed,https://t.me/dva_majors,2026-07-18,high,True,ru|en|de,metadata_text_hash_and_links,inherit,
ru_war_on_fakes__telegram__warfakes,ru_war_on_fakes,telegram,warfakes,https://t.me/warfakes,account,official_platform_or_research_attributed,https://t.me/warfakes,2026-07-18,critical,True,ru|en|de,posts_and_metadata,inherit,
ru_war_on_fakes__website__t_me_warfakes,ru_war_on_fakes,website,t.me/warfakes,https://t.me/warfakes,website,research_attributed,https://t.me/warfakes,2026-07-18,critical,True,ru|en|de,metadata_text_hash_and_links,inherit,
ru_wargonzo__telegram__wargonzo,ru_wargonzo,telegram,wargonzo,https://t.me/wargonzo,account,official_platform_or_research_attributed,https://t.me/wargonzo,2026-07-18,high,True,ru|en|de,posts_and_metadata,inherit,
ru_wargonzo__website__t_me_wargonzo,ru_wargonzo,website,t.me/wargonzo,https://t.me/wargonzo,website,research_attributed,https://t.me/wargonzo,2026-07-18,high,True,ru|en|de,metadata_text_hash_and_links,inherit,
ru_zvezda__website__tvzvezda_ru,ru_zvezda,website,tvzvezda.ru,https://tvzvezda.ru/,website,research_attributed,https://tvzvezda.ru/,2026-07-18,high,True,ru|en|de,metadata_text_hash_and_links,inherit,
sy_sana__website__sana_sy_en,sy_sana,website,sana.sy/en,https://sana.sy/en/,website,official_primary,https://sana.sy/en/,2026-07-18,low,True,en|de,metadata_text_hash_and_links,inherit,
tr_anadolu__website__aa_com_tr_en,tr_anadolu,website,aa.com.tr/en,https://www.aa.com.tr/en,website,official_primary,https://www.aa.com.tr/en,2026-07-18,normal,True,en|de,metadata_text_hash_and_links,inherit,
tr_directorate_comms__website__iletisim_gov_tr_english,tr_directorate_comms,website,iletisim.gov.tr/english,https://www.iletisim.gov.tr/english,website,official_primary,https://www.iletisim.gov.tr/english,2026-07-18,normal,True,en|de,metadata_text_hash_and_links,inherit,
tr_trt_deutsch__website__trtdeutsch_com,tr_trt_deutsch,website,trtdeutsch.com,https://www.trtdeutsch.com/,website,official_primary,https://www.trtdeutsch.com/,2026-07-18,normal,True,en|de,metadata_text_hash_and_links,inherit,
tr_trt_world__website__trtworld_com,tr_trt_world,website,trtworld.com,https://www.trtworld.com/,website,official_primary,https://www.trtworld.com/,2026-07-18,normal,True,en|de,metadata_text_hash_and_links,inherit,
ye_almasirah__telegram__almasirah_en,ye_almasirah,telegram,Almasirah_En,https://t.me/Almasirah_En,account,official_platform_or_crosslink,https://t.me/Almasirah_En,2026-07-18,critical,True,en|ar|fa,posts_and_metadata,inherit,
ye_almasirah__website__english_masirahtv_net,ye_almasirah,website,english.masirahtv.net,https://english.masirahtv.net/,website,official_primary,https://english.masirahtv.net/,2026-07-18,critical,True,fa|en|ar|de,metadata_text_hash_and_links,inherit,
ye_yahya_saree__website__x_com_army21ye,ye_yahya_saree,website,x.com/army21ye,https://x.com/army21ye,website,official_primary,https://x.com/army21ye,2026-07-18,critical,True,fa|en|ar|de,metadata_text_hash_and_links,inherit,
ye_yahya_saree__x__army21ye,ye_yahya_saree,x,army21ye,https://x.com/army21ye,account,official_platform_or_crosslink,https://x.com/army21ye,2026-07-18,critical,True,en|ar|fa,posts_and_metadata,inherit,
