actor_id,display_name,country,target_country,actor_class,party_current,party_origin,state_affiliation,priority,manual_include,selection_basis,network_tags,role_note,languages,collection_scope,public_export_policy,activity_validation,evidence_url,verified_at,notes
by_mod,Belarus Ministry of Defence,BY,,official_state_source,,,Republic of Belarus,high,True,manual_core_actor,belarus_information_space|military,,be|ru|en|de,public_only,metadata_analysis_and_short_excerpts,not_required_official_or_source_family,https://www.mil.by/en/,2026-07-18,
by_mfa,Belarus Ministry of Foreign Affairs,BY,,official_state_source,,,Republic of Belarus,critical,True,manual_core_actor,belarus_information_space|diplomatic_messaging,,be|ru|en|de,public_only,metadata_analysis_and_short_excerpts,not_required_official_or_source_family,https://mfa.gov.by/en/,2026-07-18,
by_embassy_germany,Embassy of Belarus in Germany,BY,DE,official_state_source,,,Republic of Belarus,high,True,manual_core_actor,belarus_information_space|german_target,,be|ru|en|de,public_only,metadata_analysis_and_short_excerpts,not_required_official_or_source_family,https://germany.mfa.gov.by/en/,2026-07-18,
by_president,President of Belarus press service,BY,,official_state_source,,,Republic of Belarus,high,True,manual_core_actor,belarus_information_space|official_origin,,be|ru|en|de,public_only,metadata_analysis_and_short_excerpts,not_required_official_or_source_family,https://president.gov.by/en,2026-07-18,
by_belta,BelTA,BY,,state_media,,,Republic of Belarus,critical,True,manual_core_actor,belarus_information_space|official_news_agency,,be|ru|en|de,public_only,metadata_analysis_and_short_excerpts,not_required_official_or_source_family,https://eng.belta.by/,2026-07-18,
by_belarus1,Belarus 1,BY,,state_media,,,Republic of Belarus,normal,True,manual_core_actor,belarus_information_space|television,,be|ru|en|de,public_only,metadata_analysis_and_short_excerpts,not_required_official_or_source_family,https://www.tvr.by/eng/,2026-07-18,
by_ont,ONT,BY,,state_media,,,Republic of Belarus,normal,True,manual_core_actor,belarus_information_space|television,,be|ru|en|de,public_only,metadata_analysis_and_short_excerpts,not_required_official_or_source_family,https://ont.by/,2026-07-18,
by_sb,SB Belarus Today,BY,,state_media,,,Republic of Belarus,high,True,manual_core_actor,belarus_information_space|state_media,,be|ru|en|de,public_only,metadata_analysis_and_short_excerpts,not_required_official_or_source_family,https://www.sb.by/en/,2026-07-18,
cn_glassbridge,Glassbridge network,CN,,known_fimi_infrastructure,,,People's Republic of China,high,True,manual_core_actor,china_information_space|content_network,,zh|en|de,public_only,metadata_analysis_and_short_excerpts,not_required_official_or_source_family,https://www.recordedfuture.com/research/chinese-influence-operation-targets-us-elections,2026-07-18,
cn_hai_energy,HaiEnergy influence network,CN,,known_fimi_infrastructure,,,People's Republic of China,high,True,manual_core_actor,china_information_space|influence_for_hire,,zh|en|de,public_only,metadata_analysis_and_short_excerpts,not_required_official_or_source_family,https://www.mandiant.com/resources/blog/pro-prc-influence-campaign-hai-energy,2026-07-18,
cn_paperwall,Paperwall network,CN,,known_fimi_infrastructure,,,People's Republic of China,high,True,manual_core_actor,china_information_space|pseudo_local_media,,zh|en|de,public_only,metadata_analysis_and_short_excerpts,not_required_official_or_source_family,https://citizenlab.ca/2024/02/paperwall-chinese-websites-local-news-outlets/,2026-07-18,
cn_spamouflage,Spamouflage / Dragonbridge,CN,,known_fimi_infrastructure,,,People's Republic of China,critical,True,manual_core_actor,china_information_space|inauthentic_accounts,,zh|en|de,public_only,metadata_analysis_and_short_excerpts,not_required_official_or_source_family,https://blog.google/threat-analysis-group/over-50000-instances-of-dragonbridge-activity-disrupted-in-2022/,2026-07-18,
cn_cosco,COSCO Shipping,CN,,maritime_state_corporate_source,,,People's Republic of China,high,True,manual_core_actor,china_information_space|shipping|ports,,zh|en|de,public_only,metadata_analysis_and_short_excerpts,not_required_official_or_source_family,https://en.coscoshipping.com/,2026-07-18,
cn_china_merchants_port,China Merchants Port,CN,,maritime_state_corporate_source,,,People's Republic of China,normal,True,manual_core_actor,china_information_space|ports,,zh|en|de,public_only,metadata_analysis_and_short_excerpts,not_required_official_or_source_family,https://www.cmport.com.hk/,2026-07-18,
cn_china_coast_guard,China Coast Guard,CN,,maritime_state_source,,,People's Republic of China,high,True,manual_core_actor,china_information_space|maritime|coast_guard,,zh|en|de,public_only,metadata_analysis_and_short_excerpts,not_required_official_or_source_family,https://www.ccg.gov.cn/,2026-07-18,
cn_maritime_safety_admin,China Maritime Safety Administration,CN,,maritime_state_source,,,People's Republic of China,high,True,manual_core_actor,china_information_space|maritime|shipping,,zh|en|de,public_only,metadata_analysis_and_short_excerpts,not_required_official_or_source_family,https://www.msa.gov.cn/,2026-07-18,
cn_china_military,China Military / PLA Daily,CN,,military_state_media,,,People's Republic of China,high,True,manual_core_actor,china_information_space|military,,zh|en|de,public_only,metadata_analysis_and_short_excerpts,not_required_official_or_source_family,http://eng.chinamil.com.cn/,2026-07-18,
cn_belt_road_portal,Belt and Road Portal,CN,,official_state_source,,,People's Republic of China,normal,True,manual_core_actor,china_information_space|belt_and_road,,zh|en|de,public_only,metadata_analysis_and_short_excerpts,not_required_official_or_source_family,https://eng.yidaiyilu.gov.cn/,2026-07-18,
cn_mfa,China MFA Spokesperson,CN,,official_state_source,,,People's Republic of China,critical,True,manual_core_actor,china_information_space|diplomatic_messaging,,zh|en|de,public_only,metadata_analysis_and_short_excerpts,not_required_official_or_source_family,https://www.mfa.gov.cn/eng/,2026-07-18,
cn_embassy_germany,Embassy of China in Germany,CN,DE,official_state_source,,,People's Republic of China,critical,True,manual_core_actor,china_information_space|german_language,,zh|en|de,public_only,metadata_analysis_and_short_excerpts,not_required_official_or_source_family,http://de.china-embassy.gov.cn/det/,2026-07-18,
cn_scio,State Council Information Office,CN,,official_state_source,,,People's Republic of China,high,True,manual_core_actor,china_information_space|official_origin,,zh|en|de,public_only,metadata_analysis_and_short_excerpts,not_required_official_or_source_family,http://english.scio.gov.cn/,2026-07-18,
cn_global_times,Global Times,CN,,state_aligned_media,,,People's Republic of China,high,True,manual_core_actor,china_information_space|international_narratives,,zh|en|de,public_only,metadata_analysis_and_short_excerpts,not_required_official_or_source_family,https://www.globaltimes.cn/,2026-07-18,
cn_cctv,CCTV,CN,,state_media,,,People's Republic of China,high,True,manual_core_actor,china_information_space|television,,zh|en|de,public_only,metadata_analysis_and_short_excerpts,not_required_official_or_source_family,https://english.cctv.com/,2026-07-18,
cn_cgtn,CGTN,CN,,state_media,,,People's Republic of China,critical,True,manual_core_actor,china_information_space|international_broadcast,,zh|en|de,public_only,metadata_analysis_and_short_excerpts,not_required_official_or_source_family,https://www.cgtn.com/,2026-07-18,
cn_china_daily,China Daily,CN,,state_media,,,People's Republic of China,high,True,manual_core_actor,china_information_space|international,,zh|en|de,public_only,metadata_analysis_and_short_excerpts,not_required_official_or_source_family,https://www.chinadaily.com.cn/,2026-07-18,
cn_peoples_daily,People's Daily,CN,,state_media,,,People's Republic of China,high,True,manual_core_actor,china_information_space|party_media,,zh|en|de,public_only,metadata_analysis_and_short_excerpts,not_required_official_or_source_family,http://en.people.cn/,2026-07-18,
cn_xinhua,Xinhua News Agency,CN,,state_media,,,People's Republic of China,critical,True,manual_core_actor,china_information_space|official_news_agency,,zh|en|de,public_only,metadata_analysis_and_short_excerpts,not_required_official_or_source_family,https://english.news.cn/,2026-07-18,
de_auf1,AUF1,DE,,bridge_media,,,,critical,True,manual_core_source,german_information_space|cross_border|telegram_priority,,de,public_only,metadata_analysis_and_short_excerpts,bootstrap_required,https://auf1.tv/,2026-07-18,
de_anti_spiegel,Anti-Spiegel,DE,,bridge_media,,,,critical,True,manual_core_source,german_information_space|russia_narrative_bridge,,de,public_only,metadata_analysis_and_short_excerpts,bootstrap_required,https://anti-spiegel.ru/,2026-07-18,
de_apollo_news,Apollo News,DE,,bridge_media,,,,critical,True,manual_core_source,german_information_space|alternita_source,,de,public_only,metadata_analysis_and_short_excerpts,bootstrap_required,https://apollo-news.net/,2026-07-18,
de_apolut,Apolut,DE,,bridge_media,,,,high,True,manual_core_source,german_information_space|telegram_priority,,de,public_only,metadata_analysis_and_short_excerpts,bootstrap_required,https://apolut.net/,2026-07-18,
de_compact,COMPACT,DE,,bridge_media,,,,high,True,manual_core_source,german_information_space|legal_status_review|high_reach,,de,public_only,metadata_analysis_and_short_excerpts,bootstrap_required,https://www.compact-online.de/,2026-07-18,
de_epoch_times,Epoch Times Deutsch,DE,,bridge_media,,,,high,True,manual_core_source,german_information_space|cross_border,,de,public_only,metadata_analysis_and_short_excerpts,bootstrap_required,https://www.epochtimes.de/,2026-07-18,
de_junge_freiheit,Junge Freiheit,DE,,bridge_media,,,,critical,True,manual_core_source,german_information_space|alternita_source,,de,public_only,metadata_analysis_and_short_excerpts,bootstrap_required,https://jungefreiheit.de/,2026-07-18,
de_nius,NIUS,DE,,bridge_media,,,,critical,True,manual_core_source,german_information_space|alternita_source|high_reach,,de,public_only,metadata_analysis_and_short_excerpts,bootstrap_required,https://www.nius.de/,2026-07-18,
ref_bsi,Bundesamt für Sicherheit in der Informationstechnik,DE,,factcheck_reference,,,,high,True,manual_core_actor,reference_source,,de|en,public_only,metadata_analysis_and_short_excerpts,not_required_official_channel,https://www.bsi.bund.de/,2026-07-18,
ref_bfv,Bundesamt für Verfassungsschutz,DE,,factcheck_reference,,,,high,True,manual_core_actor,reference_source,,de|en,public_only,metadata_analysis_and_short_excerpts,not_required_official_channel,https://www.verfassungsschutz.de/,2026-07-18,
ref_correctiv,CORRECTIV Faktencheck,DE,,factcheck_reference,,,,high,True,manual_core_actor,reference_source,,de|en,public_only,metadata_analysis_and_short_excerpts,not_required_official_channel,https://correctiv.org/faktencheck/,2026-07-18,
ref_dw_factcheck,DW Faktencheck,DE,,factcheck_reference,,,,high,True,manual_core_actor,reference_source,,de|en,public_only,metadata_analysis_and_short_excerpts,not_required_official_channel,https://www.dw.com/de/faktencheck/t-56728869,2026-07-18,
ref_tagesschau_faktenfinder,Tagesschau Faktenfinder,DE,,factcheck_reference,,,,high,True,manual_core_actor,reference_source,,de|en,public_only,metadata_analysis_and_short_excerpts,not_required_official_channel,https://www.tagesschau.de/faktenfinder/,2026-07-18,
ref_dpa_factcheck,dpa-Faktencheck,DE,,factcheck_reference,,,,high,True,manual_core_actor,reference_source,,de|en,public_only,metadata_analysis_and_short_excerpts,not_required_official_channel,https://www.dpa.com/de/faktencheck,2026-07-18,
de_auswaertiges_amt,Auswärtiges Amt,DE,,government_source,,,,critical,True,manual_core_actor,german_political|control_and_comparison|official_origin,,de|en,public_only,metadata_analysis_and_short_excerpts,not_required_official_channel,https://www.auswaertiges-amt.de/,2026-07-18,
de_bmvg,Bundesministerium der Verteidigung,DE,,government_source,,,,critical,True,manual_core_actor,german_political|control_and_comparison|official_origin,,de|en,public_only,metadata_analysis_and_short_excerpts,not_required_official_channel,https://www.bmvg.de/,2026-07-18,
de_bundesregierung,Bundesregierung,DE,,government_source,,,,critical,True,manual_core_actor,german_political|control_and_comparison|official_origin,,de|en,public_only,metadata_analysis_and_short_excerpts,not_required_official_channel,https://www.bundesregierung.de/,2026-07-18,
de_julian_reichelt,Julian Reichelt,DE,,high_reach_political_influencer,,,,critical,True,manual_core_source,german_information_space|nius|high_reach,,de,public_only,metadata_analysis_and_short_excerpts,bootstrap_required,https://www.nius.de/,2026-07-18,
de_martin_sellner,Martin Sellner,DE,,high_reach_political_influencer,,,,critical,True,manual_core_source,german_information_space|identitarian_network|cross_border,,de,public_only,metadata_analysis_and_short_excerpts,bootstrap_required,https://www.martin-sellner.at/,2026-07-18,
de_naomi_seibt,Naomi Seibt,DE,,high_reach_political_influencer,,,,high,True,manual_core_source,german_information_space|international_amplification,,de,public_only,metadata_analysis_and_short_excerpts,bootstrap_required,https://x.com/SeibtNaomi,2026-07-18,
de_tim_kellner,Tim Kellner,DE,,high_reach_political_influencer,,,,high,True,manual_core_source,german_information_space|youtube_priority,,de,public_only,metadata_analysis_and_short_excerpts,bootstrap_required,https://www.youtube.com/@TimKellner,2026-07-18,
de_manova,Manova,DE,,independent_media,,,,normal,True,manual_core_source,german_information_space|russia_policy,,de,public_only,metadata_analysis_and_short_excerpts,bootstrap_required,https://www.manova.news/,2026-07-18,
de_multipolar,Multipolar,DE,,independent_media,,,,normal,True,manual_core_source,german_information_space|pandemic_narratives,,de,public_only,metadata_analysis_and_short_excerpts,bootstrap_required,https://multipolar-magazin.de/,2026-07-18,
de_nachdenkseiten,NachDenkSeiten,DE,,independent_media,,,,high,True,manual_core_source,german_information_space|russia_policy,,de,public_only,metadata_analysis_and_short_excerpts,bootstrap_required,https://www.nachdenkseiten.de/,2026-07-18,
de_overton,Overton Magazin,DE,,independent_media,,,,normal,True,manual_core_source,german_information_space|russia_policy,,de,public_only,metadata_analysis_and_short_excerpts,bootstrap_required,https://overton-magazin.de/,2026-07-18,
de_reitschuster,Reitschuster,DE,,independent_media,,,,high,True,manual_core_source,german_information_space|telegram_priority,,de,public_only,metadata_analysis_and_short_excerpts,bootstrap_required,https://reitschuster.de/,2026-07-18,
de_tichys_einblick,Tichys Einblick,DE,,independent_media,,,,high,True,manual_core_source,german_information_space|high_reach,,de,public_only,metadata_analysis_and_short_excerpts,bootstrap_required,https://www.tichyseinblick.de/,2026-07-18,
de_junge_welt,Junge Welt,DE,,media_outlet,,,,normal,True,manual_core_source,german_information_space|left_media,,de,public_only,metadata_analysis_and_short_excerpts,bootstrap_required,https://www.jungewelt.de/,2026-07-18,
de_afd_bundestag,AfD-Bundestagsfraktion,DE,,parliamentary_group,AfD,,,critical,True,manual_core_actor,german_political|afd|official_origin,,de,public_only,metadata_analysis_and_short_excerpts,not_required_official_channel,https://afdbundestag.de/,2026-07-18,
de_linke_bundestag,Gruppe Die Linke im Bundestag,DE,,parliamentary_group,Die Linke,,,high,True,manual_core_actor,german_political|die_linke|official_origin,,de,public_only,metadata_analysis_and_short_excerpts,not_required_official_channel,https://www.die-linke-im-bundestag.de/,2026-07-18,
de_deutschland_kurier,Deutschland-Kurier,DE,,party_aligned_media,,,,high,True,manual_core_source,german_information_space|afd_aligned,,de,public_only,metadata_analysis_and_short_excerpts,bootstrap_required,https://deutschlandkurier.de/,2026-07-18,
de_afd_bund,Alternative für Deutschland — Bundespartei,DE,,party_channel,AfD,,,critical,True,manual_core_actor,german_political|afd|official_origin,,de,public_only,metadata_analysis_and_short_excerpts,not_required_official_channel,https://www.afd.de/,2026-07-18,
de_gruene_bund,Bündnis 90/Die Grünen,DE,,party_channel,Greens,,,high,True,manual_core_actor,german_political|control_and_comparison|official_origin,,de|en,public_only,metadata_analysis_and_short_excerpts,not_required_official_channel,https://www.gruene.de/,2026-07-18,
de_bsw_bund,Bündnis Sahra Wagenknecht — Bundespartei,DE,,party_channel,BSW,,,critical,True,manual_core_actor,german_political|bsw|official_origin,,de,public_only,metadata_analysis_and_short_excerpts,not_required_official_channel,https://bsw-vg.de/impressum/,2026-07-18,
de_cdu_bund,CDU Deutschlands,DE,,party_channel,CDU,,,high,True,manual_core_actor,german_political|control_and_comparison|official_origin,,de|en,public_only,metadata_analysis_and_short_excerpts,not_required_official_channel,https://www.cdu.de/,2026-07-18,
de_csu_bund,Christlich-Soziale Union,DE,,party_channel,CSU,,,high,True,manual_core_actor,german_political|control_and_comparison|official_origin,,de|en,public_only,metadata_analysis_and_short_excerpts,not_required_official_channel,https://www.csu.de/,2026-07-18,
de_linke_bund,Die Linke — Bundespartei,DE,,party_channel,Die Linke,,,critical,True,manual_core_actor,german_political|die_linke|official_origin,,de,public_only,metadata_analysis_and_short_excerpts,not_required_official_channel,https://www.die-linke.de/,2026-07-18,
de_fdp_bund,Freie Demokratische Partei,DE,,party_channel,FDP,,,high,True,manual_core_actor,german_political|control_and_comparison|official_origin,,de|en,public_only,metadata_analysis_and_short_excerpts,not_required_official_channel,https://www.fdp.de/,2026-07-18,
de_spd_bund,SPD Deutschlands,DE,,party_channel,SPD,,,high,True,manual_core_actor,german_political|control_and_comparison|official_origin,,de|en,public_only,metadata_analysis_and_short_excerpts,not_required_official_channel,https://www.spd.de/,2026-07-18,
de_afd_tv,AfD TV,DE,,party_media,AfD,,,high,True,manual_core_actor,german_political|afd|party_media,,de,public_only,metadata_analysis_and_short_excerpts,not_required_official_channel,https://www.youtube.com/@AfDTV,2026-07-18,
de_generation_deutschland,Generation Deutschland,DE,,party_youth_channel,AfD,,,high,True,manual_core_actor,german_political|afd|party_youth,,de,public_only,metadata_analysis_and_short_excerpts,not_required_official_channel,https://www.afd.de/generation-deutschland/,2026-07-18,
de_jsw_bund,Jugendbündnis Sahra Wagenknecht,DE,,party_youth_channel,BSW,,,normal,True,manual_core_actor,german_political|bsw|party_youth,,de,public_only,metadata_analysis_and_short_excerpts,not_required_official_channel,https://bsw-vg.de/,2026-07-18,
de_linksjugend,Linksjugend solid,DE,,party_youth_channel,Die Linke,,,normal,True,manual_core_actor,german_political|die_linke|party_youth,,de,public_only,metadata_analysis_and_short_excerpts,not_required_official_channel,https://www.linksjugend-solid.de/,2026-07-18,
de_alexander_dobrindt,Alexander Dobrindt,DE,,political_actor,CSU,,,high,True,control_group|reach_or_activity_review,german_political|control_and_comparison|interior_minister,,de,public_only,metadata_analysis_and_short_excerpts,bootstrap_required,https://search.gesis.org/research_data/ZA9076,2026-07-18,
de_alice_weidel,Alice Weidel,DE,,political_actor,AfD,,,critical,True,manual_core_actor|reach_or_activity_review,german_political|afd_and_adjacent|party_leadership|high_reach|alternita_relevant,Bundessprecherin und Bundestagsfraktionsvorsitzende.,de,public_only,metadata_analysis_and_short_excerpts,bootstrap_required,https://www.bundestag.de/abgeordnete/biografien/W/weidel_alice-1048026,2026-07-18,
de_amid_rabieh,Amid Rabieh,DE,,political_actor,BSW,,,normal,True,manual_core_actor|reach_or_activity_review,german_political|bsw_and_legacy|party_leadership,,de,public_only,metadata_analysis_and_short_excerpts,bootstrap_required,https://bsw-vg.de/partei/parteivorstand/,2026-07-18,
de_amira_mohamed_ali,Amira Mohamed Ali,DE,,political_actor,BSW,,,critical,True,manual_core_actor|reach_or_activity_review,german_political|bsw_and_legacy|party_leadership,,de,public_only,metadata_analysis_and_short_excerpts,bootstrap_required,https://bsw-vg.de/partei/parteivorstand/,2026-07-18,
de_annalena_baerbock,Annalena Baerbock,DE,,political_actor,Greens,,,high,True,control_group|reach_or_activity_review,german_political|control_and_comparison|international_diplomacy|frequent_target,,de,public_only,metadata_analysis_and_short_excerpts,bootstrap_required,https://search.gesis.org/research_data/ZA9076,2026-07-18,
de_beatrix_von_storch,Beatrix von Storch,DE,,political_actor,AfD,,,high,True,manual_core_actor|reach_or_activity_review,german_political|afd_and_adjacent|federal_politics|high_reach,Bundestagsabgeordnete.,de,public_only,metadata_analysis_and_short_excerpts,bootstrap_required,https://www.bundestag.de/abgeordnete/biografien/S/storch_beatrix-1047442,2026-07-18,
de_bjoern_hoecke,Björn Höcke,DE,,political_actor,AfD,,,critical,True,manual_core_actor|reach_or_activity_review,german_political|afd_and_adjacent|state_party_leadership|high_reach,AfD-Landesvorsitzender Thüringen.,de,public_only,metadata_analysis_and_short_excerpts,bootstrap_required,https://www.bjoern-hoecke.de/,2026-07-18,
de_bodo_ramelow,Bodo Ramelow,DE,,political_actor,Die Linke,,,high,True,manual_core_actor|reach_or_activity_review,german_political|die_linke|high_reach|state_politics,,de,public_only,metadata_analysis_and_short_excerpts,bootstrap_required,https://www.die-linke.de/partei/parteidemokratie/parteivorstand/,2026-07-18,
de_boris_pistorius,Boris Pistorius,DE,,political_actor,SPD,,,critical,True,control_group|reach_or_activity_review,german_political|control_and_comparison|defence_minister|security_policy,,de,public_only,metadata_analysis_and_short_excerpts,bootstrap_required,https://search.gesis.org/research_data/ZA9076,2026-07-18,
de_carola_rackete,Carola Rackete,DE,,political_actor,Die Linke,,,high,True,manual_core_actor|reach_or_activity_review,german_political|die_linke|maritime_background|eu_parliament,,de,public_only,metadata_analysis_and_short_excerpts,bootstrap_required,https://www.die-linke.de/partei/parteidemokratie/parteivorstand/,2026-07-18,
de_carsten_linnemann,Carsten Linnemann,DE,,political_actor,CDU,,,high,True,control_group|reach_or_activity_review,german_political|control_and_comparison|party_leadership,,de,public_only,metadata_analysis_and_short_excerpts,bootstrap_required,https://search.gesis.org/research_data/ZA9076,2026-07-18,
de_cem_oezdemir,Cem Özdemir,DE,,political_actor,Greens,,,high,True,control_group|reach_or_activity_review,german_political|control_and_comparison|high_reach,,de,public_only,metadata_analysis_and_short_excerpts,bootstrap_required,https://search.gesis.org/research_data/ZA9076,2026-07-18,
de_christian_duerr,Christian Dürr,DE,,political_actor,FDP,,,normal,True,control_group|reach_or_activity_review,german_political|control_and_comparison|federal_politics,,de,public_only,metadata_analysis_and_short_excerpts,bootstrap_required,https://www.bundesregierung.de/breg-de/bundesregierung/bundeskabinett,2026-07-18,
de_christian_leye,Christian Leye,DE,,political_actor,BSW,,,normal,True,manual_core_actor|reach_or_activity_review,german_political|bsw_and_legacy|party_leadership,,de,public_only,metadata_analysis_and_short_excerpts,bootstrap_required,https://bsw-vg.de/partei/parteivorstand/,2026-07-18,
de_christian_lindner,Christian Lindner,DE,,political_actor,FDP,,,high,True,control_group|reach_or_activity_review,german_political|control_and_comparison|former_party_leadership|high_reach,,de,public_only,metadata_analysis_and_short_excerpts,bootstrap_required,https://search.gesis.org/research_data/ZA9076,2026-07-18,
de_christina_baum,Christina Baum,DE,,political_actor,AfD,,,normal,True,manual_core_actor|reach_or_activity_review,german_political|afd_and_adjacent|federal_politics|health_narratives,Bundestagsabgeordnete.,de,public_only,metadata_analysis_and_short_excerpts,bootstrap_required,https://www.bundestag.de/abgeordnete/biografien/B/baum_christina-1043510,2026-07-18,
de_dietmar_bartsch,Dietmar Bartsch,DE,,political_actor,Die Linke,,,normal,True,manual_core_actor|reach_or_activity_review,german_political|die_linke|foreign_policy,,de,public_only,metadata_analysis_and_short_excerpts,bootstrap_required,https://www.die-linke.de/partei/parteidemokratie/parteivorstand/,2026-07-18,
de_dorothee_baer,Dorothee Bär,DE,,political_actor,CSU,,,high,True,control_group|reach_or_activity_review,german_political|control_and_comparison|federal_minister|high_reach,,de,public_only,metadata_analysis_and_short_excerpts,bootstrap_required,https://www.bundesregierung.de/breg-de/bundesregierung/bundeskabinett,2026-07-18,
de_fabio_de_masi,Fabio De Masi,DE,,political_actor,BSW,,,critical,True,manual_core_actor|reach_or_activity_review,german_political|bsw_and_legacy|party_leadership|finance,,de,public_only,metadata_analysis_and_short_excerpts,bootstrap_required,https://bsw-vg.de/partei/parteivorstand/,2026-07-18,
de_felix_banaszak,Felix Banaszak,DE,,political_actor,Greens,,,high,True,control_group|reach_or_activity_review,german_political|control_and_comparison|party_leadership,,de,public_only,metadata_analysis_and_short_excerpts,bootstrap_required,https://search.gesis.org/research_data/ZA9076,2026-07-18,
de_ferat_kocak,Ferat Koçak,DE,,political_actor,Die Linke,,,high,True,manual_core_actor|reach_or_activity_review,german_political|die_linke|high_activity|tiktok_priority,,de,public_only,metadata_analysis_and_short_excerpts,bootstrap_required,https://www.die-linke.de/partei/parteidemokratie/parteivorstand/,2026-07-18,
de_franziska_brantner,Franziska Brantner,DE,,political_actor,Greens,,,high,True,control_group|reach_or_activity_review,german_political|control_and_comparison|party_leadership,,de,public_only,metadata_analysis_and_short_excerpts,bootstrap_required,https://search.gesis.org/research_data/ZA9076,2026-07-18,
de_friedrich_merz,Friedrich Merz,DE,,political_actor,CDU,,,critical,True,control_group|reach_or_activity_review,german_political|control_and_comparison|federal_chancellor|high_reach,,de,public_only,metadata_analysis_and_short_excerpts,bootstrap_required,https://www.bundesregierung.de/breg-de/bundesregierung/bundeskabinett,2026-07-18,
de_friedrich_puerner,Friedrich Pürner,DE,,political_actor,independent,BSW,,high,True,manual_core_actor|reach_or_activity_review,german_political|bsw_and_legacy|bsw_legacy|eu_parliament,,de,public_only,metadata_analysis_and_short_excerpts,bootstrap_required,https://www.europarl.europa.eu/meps/de/256969/FRIEDRICH_PURNER/home,2026-07-18,
de_gottfried_curio,Gottfried Curio,DE,,political_actor,AfD,,,high,True,manual_core_actor|reach_or_activity_review,german_political|afd_and_adjacent|federal_politics|migration_narratives,Bundestagsabgeordneter.,de,public_only,metadata_analysis_and_short_excerpts,bootstrap_required,https://www.bundestag.de/abgeordnete/biografien/C/curio_gottfried-1044074,2026-07-18,
de_gregor_gysi,Gregor Gysi,DE,,political_actor,Die Linke,,,high,True,manual_core_actor|reach_or_activity_review,german_political|die_linke|high_reach|foreign_policy,,de,public_only,metadata_analysis_and_short_excerpts,bootstrap_required,https://www.die-linke.de/partei/parteidemokratie/parteivorstand/,2026-07-18,
de_hannes_gnauck,Hannes Gnauck,DE,,political_actor,AfD,,,high,True,manual_core_actor|reach_or_activity_review,german_political|afd_and_adjacent|party_leadership|defence,AfD-Bundestagsabgeordneter und Mitglied des Bundesvorstands.,de,public_only,metadata_analysis_and_short_excerpts,bootstrap_required,https://www.bundestag.de/abgeordnete/biografien/G/gnauck_hannes-1044704,2026-07-18,
de_hans_georg_maassen,Hans-Georg Maaßen,DE,,political_actor,WerteUnion,,,high,True,manual_core_actor|reach_or_activity_review,german_political|afd_and_adjacent|werteunion|high_reach,Vorsitzender der WerteUnion.,de,public_only,metadata_analysis_and_short_excerpts,bootstrap_required,https://werteunion.de/,2026-07-18,
de_heidi_reichinnek,Heidi Reichinnek,DE,,political_actor,Die Linke,,,critical,True,manual_core_actor|reach_or_activity_review,german_political|die_linke|high_reach|tiktok_priority,,de,public_only,metadata_analysis_and_short_excerpts,bootstrap_required,https://www.die-linke.de/partei/parteidemokratie/parteivorstand/,2026-07-18,
de_ines_schwerdtner,Ines Schwerdtner,DE,,political_actor,Die Linke,,,high,True,manual_core_actor|reach_or_activity_review,german_political|die_linke|party_leadership,,de,public_only,metadata_analysis_and_short_excerpts,bootstrap_required,https://www.die-linke.de/partei/parteidemokratie/parteivorstand/,2026-07-18,
de_jan_van_aken,Jan van Aken,DE,,political_actor,Die Linke,,,high,True,manual_core_actor|reach_or_activity_review,german_political|die_linke|party_leadership|foreign_policy,,de,public_only,metadata_analysis_and_short_excerpts,bootstrap_required,https://www.die-linke.de/partei/parteidemokratie/parteivorstand/,2026-07-18,
de_jean_pascal_hohm,Jean-Pascal Hohm,DE,,political_actor,AfD,,,high,True,manual_core_actor|reach_or_activity_review,german_political|afd_and_adjacent|party_youth|state_parliament,Vorsitzender Generation Deutschland; Mitglied des AfD-Bundesvorstands.,de,public_only,metadata_analysis_and_short_excerpts,bootstrap_required,https://www.afd.de/bundesvorstand/,2026-07-18,
de_jens_spahn,Jens Spahn,DE,,political_actor,CDU,,,high,True,control_group|reach_or_activity_review,german_political|control_and_comparison|parliamentary_leadership|high_reach,,de,public_only,metadata_analysis_and_short_excerpts,bootstrap_required,https://search.gesis.org/research_data/ZA9076,2026-07-18,
de_jessica_tatti,Jessica Tatti,DE,,political_actor,BSW,,,normal,True,manual_core_actor|reach_or_activity_review,german_political|bsw_and_legacy|party_leadership,,de,public_only,metadata_analysis_and_short_excerpts,bootstrap_required,https://bsw-vg.de/partei/parteivorstand/,2026-07-18,
de_joana_cotar,Joana Cotar,DE,,political_actor,independent,,,high,True,manual_core_actor|reach_or_activity_review,german_political|afd_and_adjacent|independent|high_reach|former_afd,Ehemalige Bundestagsabgeordnete; parteilos.,de,public_only,metadata_analysis_and_short_excerpts,bootstrap_required,https://joanacotar.de/,2026-07-18,
de_johann_wadephul,Johann Wadephul,DE,,political_actor,CDU,,,high,True,control_group|reach_or_activity_review,german_political|control_and_comparison|foreign_minister|foreign_policy,,de,public_only,metadata_analysis_and_short_excerpts,bootstrap_required,https://search.gesis.org/research_data/ZA9076,2026-07-18,
de_julia_kloeckner,Julia Klöckner,DE,,political_actor,CDU,,,high,True,control_group|reach_or_activity_review,german_political|control_and_comparison|bundestag_president|high_reach,,de,public_only,metadata_analysis_and_short_excerpts,bootstrap_required,https://search.gesis.org/research_data/ZA9076,2026-07-18,
de_karl_lauterbach,Karl Lauterbach,DE,,political_actor,SPD,,,high,True,control_group|reach_or_activity_review,german_political|control_and_comparison|high_reach|health_policy,,de,public_only,metadata_analysis_and_short_excerpts,bootstrap_required,https://search.gesis.org/research_data/ZA9076,2026-07-18,
de_katharina_droege,Katharina Dröge,DE,,political_actor,Greens,,,high,True,control_group|reach_or_activity_review,german_political|control_and_comparison|parliamentary_leadership,,de,public_only,metadata_analysis_and_short_excerpts,bootstrap_required,https://search.gesis.org/research_data/ZA9076,2026-07-18,
de_kay_gottschalk,Kay Gottschalk,DE,,political_actor,AfD,,,high,True,manual_core_actor|reach_or_activity_review,german_political|afd_and_adjacent|federal_politics|finance,Bundestagsabgeordneter.,de,public_only,metadata_analysis_and_short_excerpts,bootstrap_required,https://www.bundestag.de/abgeordnete/biografien/G/gottschalk_kay-1044736,2026-07-18,
de_klaus_ernst,Klaus Ernst,DE,,political_actor,BSW,,,high,True,manual_core_actor|reach_or_activity_review,german_political|bsw_and_legacy|energy|russia_policy,,de,public_only,metadata_analysis_and_short_excerpts,bootstrap_required,https://bsw-vg.de/partei/parteivorstand/,2026-07-18,
de_konstantin_kuhle,Konstantin Kuhle,DE,,political_actor,FDP,,,normal,True,control_group|reach_or_activity_review,german_political|control_and_comparison|security_policy,,de,public_only,metadata_analysis_and_short_excerpts,bootstrap_required,https://search.gesis.org/research_data/ZA9076,2026-07-18,
de_lars_klingbeil,Lars Klingbeil,DE,,political_actor,SPD,,,critical,True,control_group|reach_or_activity_review,german_political|control_and_comparison|federal_minister|party_leadership,,de,public_only,metadata_analysis_and_short_excerpts,bootstrap_required,https://www.bundesregierung.de/breg-de/bundesregierung/bundeskabinett,2026-07-18,
de_luigi_pantisano,Luigi Pantisano,DE,,political_actor,Die Linke,,,high,True,manual_core_actor|reach_or_activity_review,german_political|die_linke|party_leadership,,de,public_only,metadata_analysis_and_short_excerpts,bootstrap_required,https://www.die-linke.de/partei/parteidemokratie/parteivorstand/,2026-07-18,
de_marie_agnes_strack_zimmermann,Marie-Agnes Strack-Zimmermann,DE,,political_actor,FDP,,,high,True,control_group|reach_or_activity_review,german_political|control_and_comparison|eu_parliament|security_policy,,de,public_only,metadata_analysis_and_short_excerpts,bootstrap_required,https://search.gesis.org/research_data/ZA9076,2026-07-18,
de_markus_frohnmaier,Markus Frohnmaier,DE,,political_actor,AfD,,,high,True,manual_core_actor|reach_or_activity_review,german_political|afd_and_adjacent|foreign_policy|federal_politics,Bundestagsabgeordneter.,de,public_only,metadata_analysis_and_short_excerpts,bootstrap_required,https://www.bundestag.de/abgeordnete/biografien/F/frohnmaier_markus-1044498,2026-07-18,
de_markus_soeder,Markus Söder,DE,,political_actor,CSU,,,critical,True,control_group|reach_or_activity_review,german_political|control_and_comparison|state_premier|high_reach,,de,public_only,metadata_analysis_and_short_excerpts,bootstrap_required,https://search.gesis.org/research_data/ZA9076,2026-07-18,
de_martin_schirdewan,Martin Schirdewan,DE,,political_actor,Die Linke,,,normal,True,manual_core_actor|reach_or_activity_review,german_political|die_linke|eu_parliament,,de,public_only,metadata_analysis_and_short_excerpts,bootstrap_required,https://www.die-linke.de/partei/parteidemokratie/parteivorstand/,2026-07-18,
de_martin_sichert,Martin Sichert,DE,,political_actor,AfD,,,high,True,manual_core_actor|reach_or_activity_review,german_political|afd_and_adjacent|federal_politics|health_narratives,Bundestagsabgeordneter.,de,public_only,metadata_analysis_and_short_excerpts,bootstrap_required,https://www.bundestag.de/abgeordnete/biografien/S/sichert_martin-1047276,2026-07-18,
de_matthias_helferich,Matthias Helferich,DE,,political_actor,AfD,,,high,True,manual_core_actor|reach_or_activity_review,german_political|afd_and_adjacent|federal_politics|high_activity,Bundestagsabgeordneter.,de,public_only,metadata_analysis_and_short_excerpts,bootstrap_required,https://www.bundestag.de/abgeordnete/biografien/H/helferich_matthias-1045070,2026-07-18,
de_maximilian_krah,Maximilian Krah,DE,,political_actor,AfD,,,critical,True,manual_core_actor|reach_or_activity_review,german_political|afd_and_adjacent|high_reach|tiktok_priority|foreign_policy,Bundestagsabgeordneter; hohe Social-Media-Relevanz.,de,public_only,metadata_analysis_and_short_excerpts,bootstrap_required,https://www.bundestag.de/abgeordnete/biografien/K/krah_maximilian-1048818,2026-07-18,
de_michael_lueders,Michael Lüders,DE,,political_actor,BSW,,,high,True,manual_core_actor|reach_or_activity_review,german_political|bsw_and_legacy|foreign_policy|middle_east,,de,public_only,metadata_analysis_and_short_excerpts,bootstrap_required,https://bsw-vg.de/partei/parteivorstand/,2026-07-18,
de_norbert_roettgen,Norbert Röttgen,DE,,political_actor,CDU,,,high,True,control_group|reach_or_activity_review,german_political|control_and_comparison|foreign_policy,,de,public_only,metadata_analysis_and_short_excerpts,bootstrap_required,https://search.gesis.org/research_data/ZA9076,2026-07-18,
de_oliver_ruhnert,Oliver Ruhnert,DE,,political_actor,BSW,,,normal,True,manual_core_actor|reach_or_activity_review,german_political|bsw_and_legacy|party_leadership,,de,public_only,metadata_analysis_and_short_excerpts,bootstrap_required,https://bsw-vg.de/partei/parteivorstand/,2026-07-18,
de_omid_nouripour,Omid Nouripour,DE,,political_actor,Greens,,,high,True,control_group|reach_or_activity_review,german_political|control_and_comparison|foreign_policy,,de,public_only,metadata_analysis_and_short_excerpts,bootstrap_required,https://search.gesis.org/research_data/ZA9076,2026-07-18,
de_petr_bystron,Petr Bystron,DE,,political_actor,AfD,,,high,True,manual_core_actor|reach_or_activity_review,german_political|afd_and_adjacent|eu_parliament|foreign_policy,Mitglied des Europäischen Parlaments; ehemaliger Bundestagsabgeordneter.,de,public_only,metadata_analysis_and_short_excerpts,bootstrap_required,https://www.europarl.europa.eu/meps/en/256937/PETR_BYSTRON/home,2026-07-18,
de_ralf_stegner,Ralf Stegner,DE,,political_actor,SPD,,,high,True,control_group|reach_or_activity_review,german_political|control_and_comparison|russia_policy|foreign_policy,,de,public_only,metadata_analysis_and_short_excerpts,bootstrap_required,https://search.gesis.org/research_data/ZA9076,2026-07-18,
de_ralph_suikat,Ralph Suikat,DE,,political_actor,BSW,,,normal,True,manual_core_actor|reach_or_activity_review,german_political|bsw_and_legacy|party_leadership,,de,public_only,metadata_analysis_and_short_excerpts,bootstrap_required,https://bsw-vg.de/partei/parteivorstand/,2026-07-18,
de_rene_springer,René Springer,DE,,political_actor,AfD,,,high,True,manual_core_actor|reach_or_activity_review,german_political|afd_and_adjacent|state_party_leadership|federal_politics,AfD-Landesvorsitzender Brandenburg und Bundestagsabgeordneter.,de,public_only,metadata_analysis_and_short_excerpts,bootstrap_required,https://www.bundestag.de/abgeordnete/biografien/S/springer_rene-1047382,2026-07-18,
de_ricarda_lang,Ricarda Lang,DE,,political_actor,Greens,,,high,True,control_group|reach_or_activity_review,german_political|control_and_comparison|high_reach,,de,public_only,metadata_analysis_and_short_excerpts,bootstrap_required,https://search.gesis.org/research_data/ZA9076,2026-07-18,
de_roderich_kiesewetter,Roderich Kiesewetter,DE,,political_actor,CDU,,,high,True,control_group|reach_or_activity_review,german_political|control_and_comparison|security_policy|russia_policy,,de,public_only,metadata_analysis_and_short_excerpts,bootstrap_required,https://search.gesis.org/research_data/ZA9076,2026-07-18,
de_sahra_wagenknecht,Sahra Wagenknecht,DE,,political_actor,BSW,,,critical,True,manual_core_actor|reach_or_activity_review,german_political|bsw_and_legacy|founder|high_reach,,de,public_only,metadata_analysis_and_short_excerpts,bootstrap_required,https://bsw-vg.de/partei/parteivorstand/,2026-07-18,
de_sawsan_chebli,Sawsan Chebli,DE,,political_actor,SPD,,,normal,True,control_group|reach_or_activity_review,german_political|control_and_comparison|high_reach|frequent_target,,de,public_only,metadata_analysis_and_short_excerpts,bootstrap_required,https://search.gesis.org/research_data/ZA9076,2026-07-18,
de_sebastian_muenzenmaier,Sebastian Münzenmaier,DE,,political_actor,AfD,,,high,True,manual_core_actor|reach_or_activity_review,german_political|afd_and_adjacent|federal_politics|media_strategy,Bundestagsabgeordneter.,de,public_only,metadata_analysis_and_short_excerpts,bootstrap_required,https://www.bundestag.de/abgeordnete/biografien/M/muenzenmaier_sebastian-1046338,2026-07-18,
de_shervin_haghsheno,Shervin Haghsheno,DE,,political_actor,BSW,,,normal,True,manual_core_actor|reach_or_activity_review,german_political|bsw_and_legacy|party_leadership,,de,public_only,metadata_analysis_and_short_excerpts,bootstrap_required,https://bsw-vg.de/partei/parteivorstand/,2026-07-18,
de_stephan_brandner,Stephan Brandner,DE,,political_actor,AfD,,,high,True,manual_core_actor|reach_or_activity_review,german_political|afd_and_adjacent|party_leadership|federal_politics,AfD-Bundestagsabgeordneter.,de,public_only,metadata_analysis_and_short_excerpts,bootstrap_required,https://www.bundestag.de/abgeordnete/biografien/B/brandner_stephan-1043762,2026-07-18,
de_soeren_pellmann,Sören Pellmann,DE,,political_actor,Die Linke,,,high,True,manual_core_actor|reach_or_activity_review,german_political|die_linke|federal_politics,,de,public_only,metadata_analysis_and_short_excerpts,bootstrap_required,https://www.die-linke.de/partei/parteidemokratie/parteivorstand/,2026-07-18,
de_tino_chrupalla,Tino Chrupalla,DE,,political_actor,AfD,,,critical,True,manual_core_actor|reach_or_activity_review,german_political|afd_and_adjacent|party_leadership|high_reach,Bundessprecher und Bundestagsfraktionsvorsitzender.,de,public_only,metadata_analysis_and_short_excerpts,bootstrap_required,https://www.bundestag.de/abgeordnete/biografien/C/chrupalla_tino-1043948,2026-07-18,
de_ulrich_siegmund,Ulrich Siegmund,DE,,political_actor,AfD,,,critical,True,manual_core_actor|reach_or_activity_review,german_political|afd_and_adjacent|state_parliament|tiktok_priority|high_reach,AfD-Fraktionsvorsitzender in Sachsen-Anhalt; reichweitenstarker TikTok-Akteur.,de,public_only,metadata_analysis_and_short_excerpts,bootstrap_required,https://ulrich-siegmund.de/,2026-07-18,
de_wolfgang_kubicki,Wolfgang Kubicki,DE,,political_actor,FDP,,,high,True,control_group|reach_or_activity_review,german_political|control_and_comparison|party_leadership|high_reach,,de,public_only,metadata_analysis_and_short_excerpts,bootstrap_required,https://search.gesis.org/research_data/ZA9076,2026-07-18,
de_oezlem_demirel,Özlem Alev Demirel,DE,,political_actor,Die Linke,,,high,True,manual_core_actor|reach_or_activity_review,german_political|die_linke|eu_parliament|security_policy,,de,public_only,metadata_analysis_and_short_excerpts,bootstrap_required,https://www.die-linke.de/partei/parteidemokratie/parteivorstand/,2026-07-18,
de_rezo,Rezo,DE,,political_media_influencer,,,,normal,True,manual_core_source,german_information_space|control_and_comparison|high_reach,,de,public_only,metadata_analysis_and_short_excerpts,bootstrap_required,https://www.youtube.com/@rezo,2026-07-18,
de_tilo_jung,Tilo Jung / Jung & Naiv,DE,,political_media_influencer,,,,normal,True,manual_core_source,german_information_space|control_and_comparison,,de,public_only,metadata_analysis_and_short_excerpts,bootstrap_required,https://www.jungundnaiv.de/,2026-07-18,
de_freie_sachsen,Freie Sachsen,DE,,political_movement_channel,,,,critical,True,manual_core_source,german_information_space|telegram_priority|regional_mobilisation,,de,public_only,metadata_analysis_and_short_excerpts,bootstrap_required,https://freie-sachsen.info/,2026-07-18,
de_afd_brandenburg,AfD Brandenburg,DE,,state_party_channel,AfD,,,high,True,manual_core_actor,german_political|afd|state_party,,de,public_only,metadata_analysis_and_short_excerpts,not_required_official_channel,https://afd-brandenburg.de/,2026-07-18,
de_afd_mecklenburg_vorpommern,AfD Mecklenburg-Vorpommern,DE,,state_party_channel,AfD,,,high,True,manual_core_actor,german_political|afd|state_party|maritime_region,,de,public_only,metadata_analysis_and_short_excerpts,not_required_official_channel,https://afd-mv.de/,2026-07-18,
de_afd_sachsen,AfD Sachsen,DE,,state_party_channel,AfD,,,high,True,manual_core_actor,german_political|afd|state_party,,de,public_only,metadata_analysis_and_short_excerpts,not_required_official_channel,https://afdsachsen.de/,2026-07-18,
de_afd_sachsen_anhalt,AfD Sachsen-Anhalt,DE,,state_party_channel,AfD,,,high,True,manual_core_actor,german_political|afd|state_party,,de,public_only,metadata_analysis_and_short_excerpts,not_required_official_channel,https://afd-lsa.de/,2026-07-18,
de_afd_thueringen,AfD Thüringen,DE,,state_party_channel,AfD,,,high,True,manual_core_actor,german_political|afd|state_party,,de,public_only,metadata_analysis_and_short_excerpts,not_required_official_channel,https://afd-thueringen.de/,2026-07-18,
de_bsw_brandenburg,BSW Brandenburg,DE,,state_party_channel,BSW,,,high,True,manual_core_actor,german_political|bsw|state_party,,de,public_only,metadata_analysis_and_short_excerpts,not_required_official_channel,https://bb.bsw-vg.de/,2026-07-18,
de_bsw_mecklenburg_vorpommern,BSW Mecklenburg-Vorpommern,DE,,state_party_channel,BSW,,,high,True,manual_core_actor,german_political|bsw|state_party|maritime_region,,de,public_only,metadata_analysis_and_short_excerpts,not_required_official_channel,https://mv.bsw-vg.de/,2026-07-18,
de_bsw_sachsen_anhalt,BSW Sachsen-Anhalt,DE,,state_party_channel,BSW,,,high,True,manual_core_actor,german_political|bsw|state_party,,de,public_only,metadata_analysis_and_short_excerpts,not_required_official_channel,https://st.bsw-vg.de/,2026-07-18,
de_bsw_thueringen,BSW Thüringen,DE,,state_party_channel,BSW,,,high,True,manual_core_actor,german_political|bsw|state_party,,de,public_only,metadata_analysis_and_short_excerpts,not_required_official_channel,https://th.bsw-vg.de/,2026-07-18,
ref_eu_disinfolab,EU DisinfoLab,EU,,factcheck_reference,,,,high,True,manual_core_actor,reference_source,,de|en,public_only,metadata_analysis_and_short_excerpts,not_required_official_channel,https://www.disinfo.eu/,2026-07-18,
ref_euvsdisinfo,EUvsDisinfo,EU,,factcheck_reference,,,,high,True,manual_core_actor,reference_source,,de|en,public_only,metadata_analysis_and_short_excerpts,not_required_official_channel,https://euvsdisinfo.eu/,2026-07-18,
ref_dfrlab,DFRLab,INT,,factcheck_reference,,,,high,True,manual_core_actor,reference_source,,de|en,public_only,metadata_analysis_and_short_excerpts,not_required_official_channel,https://dfrlab.org/,2026-07-18,
ref_eeas_fimi,EEAS FIMI,INT,,factcheck_reference,,,,high,True,manual_core_actor,reference_source,,de|en,public_only,metadata_analysis_and_short_excerpts,not_required_official_channel,https://www.eeas.europa.eu/eeas/foreign-information-manipulation-interference-fimi_en,2026-07-18,
ref_nato_stratcom,NATO StratCom COE,INT,,factcheck_reference,,,,high,True,manual_core_actor,reference_source,,de|en,public_only,metadata_analysis_and_short_excerpts,not_required_official_channel,https://stratcomcoe.org/,2026-07-18,
ir_sepah_news,Sepah News / IRGC media family,IR,,military_state_media,,,Islamic Republic of Iran,critical,True,manual_core_actor,iran_and_regional_information_space|irgc,,fa|en|ar|de,public_only,metadata_analysis_and_short_excerpts,not_required_official_or_source_family,https://sepahnews.ir/,2026-07-18,
ir_embassy_germany,Embassy of Iran in Germany,IR,DE,official_state_source,,,Islamic Republic of Iran,high,True,manual_core_actor,iran_and_regional_information_space|german_target,,fa|en|ar|de,public_only,metadata_analysis_and_short_excerpts,not_required_official_or_source_family,https://germany.mfa.gov.ir/en,2026-07-18,
ir_mfa,Iranian Ministry of Foreign Affairs,IR,,official_state_source,,,Islamic Republic of Iran,critical,True,manual_core_actor,iran_and_regional_information_space|diplomatic_messaging,,fa|en|ar|de,public_only,metadata_analysis_and_short_excerpts,not_required_official_or_source_family,https://en.mfa.ir/,2026-07-18,
ir_fars,Fars News Agency,IR,,state_aligned_media,,,Islamic Republic of Iran,high,True,manual_core_actor,iran_and_regional_information_space|security_narratives,,fa|en|ar|de,public_only,metadata_analysis_and_short_excerpts,not_required_official_or_source_family,https://www.farsnews.ir/en,2026-07-18,
ir_tasnim,Tasnim News,IR,,state_aligned_media,,,Islamic Republic of Iran,high,True,manual_core_actor,iran_and_regional_information_space|security_narratives,,fa|en|ar|de,public_only,metadata_analysis_and_short_excerpts,not_required_official_or_source_family,https://www.tasnimnews.com/en,2026-07-18,
ir_tehran_times,Tehran Times,IR,,state_aligned_media,,,Islamic Republic of Iran,normal,True,manual_core_actor,iran_and_regional_information_space|international,,fa|en|ar|de,public_only,metadata_analysis_and_short_excerpts,not_required_official_or_source_family,https://www.tehrantimes.com/,2026-07-18,
ir_alalam,Al-Alam,IR,,state_media,,,Islamic Republic of Iran,high,True,manual_core_actor,iran_and_regional_information_space|arabic_broadcast,,fa|en|ar|de,public_only,metadata_analysis_and_short_excerpts,not_required_official_or_source_family,https://www.alalam.ir/,2026-07-18,
ir_irna,IRNA,IR,,state_media,,,Islamic Republic of Iran,critical,True,manual_core_actor,iran_and_regional_information_space|official_news_agency,,fa|en|ar|de,public_only,metadata_analysis_and_short_excerpts,not_required_official_or_source_family,https://en.irna.ir/,2026-07-18,
ir_mehr,Mehr News Agency,IR,,state_media,,,Islamic Republic of Iran,normal,True,manual_core_actor,iran_and_regional_information_space|international,,fa|en|ar|de,public_only,metadata_analysis_and_short_excerpts,not_required_official_or_source_family,https://en.mehrnews.com/,2026-07-18,
ir_press_tv,Press TV,IR,,state_media,,,Islamic Republic of Iran,critical,True,manual_core_actor,iran_and_regional_information_space|international_broadcast,,fa|en|ar|de,public_only,metadata_analysis_and_short_excerpts,not_required_official_or_source_family,https://www.presstv.ir/,2026-07-18,
kp_kcna,KCNA,KP,,state_media,,,KP,low,True,manual_core_actor,other_state_communication|north_korea,,en|de|tr|ar|ko,public_only,metadata_analysis_and_short_excerpts,not_required_official_or_source_family,http://www.kcna.kp/en,2026-07-18,
ru_copycop,CopyCop network,RU,,known_fimi_infrastructure,,,Russian Federation,high,True,manual_core_actor,russian_information_space|ai_content_farms,,ru|en|de,public_only,metadata_analysis_and_short_excerpts,not_required_official_or_source_family,https://www.recordedfuture.com/research/copycop-network-expands-ai-generated-content-farms,2026-07-18,
ru_doppelgaenger,Doppelgänger operation,RU,,known_fimi_infrastructure,,,Russian Federation,critical,True,manual_core_actor,russian_information_space|domain_impersonation|social_amplification,,ru|en|de,public_only,metadata_analysis_and_short_excerpts,not_required_official_or_source_family,https://euvsdisinfo.eu/key-narratives-in-pro-kremlin-disinformation-campaign-doppelganger/,2026-07-18,
ru_foundation_battle_injustice,Foundation to Battle Injustice,RU,,known_fimi_infrastructure,,,Russian Federation,critical,True,manual_core_actor,russian_information_space|storm_1516,,ru|en|de,public_only,metadata_analysis_and_short_excerpts,not_required_official_or_source_family,https://fondfbr.ru/,2026-07-18,
ru_matryoshka,Matryoshka operation,RU,,known_fimi_infrastructure,,,Russian Federation,critical,True,manual_core_actor,russian_information_space|social_amplification,,ru|en|de,public_only,metadata_analysis_and_short_excerpts,not_required_official_or_source_family,https://www.disinfo.eu/doppelganger-and-matryoshka-two-sides-of-the-same-coin/,2026-07-18,
ru_newsfront,NewsFront,RU,,known_fimi_infrastructure,,,Russian Federation,critical,True,manual_core_actor,russian_information_space|pseudo_media|multilingual,,ru|en|de,public_only,metadata_analysis_and_short_excerpts,not_required_official_or_source_family,https://news-front.su/,2026-07-18,
ru_portal_kombat,Portal Kombat / Pravda network,RU,,known_fimi_infrastructure,,,Russian Federation,critical,True,manual_core_actor,russian_information_space|domain_network|multilingual,,ru|en|de,public_only,metadata_analysis_and_short_excerpts,not_required_official_or_source_family,https://www.sgdsn.gouv.fr/publications/portal-kombat-network-russian-propaganda-portals,2026-07-18,
ru_southfront,SouthFront,RU,,known_fimi_infrastructure,,,Russian Federation,critical,True,manual_core_actor,russian_information_space|pseudo_media,,ru|en|de,public_only,metadata_analysis_and_short_excerpts,not_required_official_or_source_family,https://southfront.press/,2026-07-18,
ru_storm_1516,Storm-1516 operation,RU,,known_fimi_infrastructure,,,Russian Federation,critical,True,manual_core_actor,russian_information_space|ai_content|pseudo_media,,ru|en|de,public_only,metadata_analysis_and_short_excerpts,not_required_official_or_source_family,https://www.microsoft.com/en-us/security/security-insider/intelligence-reports/russian-influence-operations-converge-on-2024-us-election,2026-07-18,
ru_strategic_culture,Strategic Culture Foundation,RU,,known_fimi_infrastructure,,,Russian Federation,critical,True,manual_core_actor,russian_information_space|pseudo_media,,ru|en|de,public_only,metadata_analysis_and_short_excerpts,not_required_official_or_source_family,https://strategic-culture.su/,2026-07-18,
ru_war_on_fakes,War on Fakes,RU,,known_fimi_infrastructure,,,Russian Federation,critical,True,manual_core_actor,russian_information_space|factcheck_mimicry,,ru|en|de,public_only,metadata_analysis_and_short_excerpts,not_required_official_or_source_family,https://t.me/warfakes,2026-07-18,
ru_portnews,PortNews,RU,,maritime_media,,,Russian Federation,high,True,manual_core_actor,russian_information_space|shipping|ports,,ru|en|de,public_only,metadata_analysis_and_short_excerpts,not_required_official_or_source_family,https://en.portnews.ru/,2026-07-18,
ru_rosatomflot,Atomflot,RU,,maritime_state_corporate_source,,,Russian Federation,high,True,manual_core_actor,russian_information_space|arctic|icebreakers,,ru|en|de,public_only,metadata_analysis_and_short_excerpts,not_required_official_or_source_family,https://www.rosatomflot.ru/,2026-07-18,
ru_sovcomflot,Sovcomflot,RU,,maritime_state_corporate_source,,,Russian Federation,high,True,manual_core_actor,russian_information_space|shipping|sanctions,,ru|en|de,public_only,metadata_analysis_and_short_excerpts,not_required_official_or_source_family,https://www.scf-group.com/,2026-07-18,
ru_rosmorrechflot,Federal Agency for Maritime and River Transport,RU,,maritime_state_source,,,Russian Federation,high,True,manual_core_actor,russian_information_space|maritime,,ru|en|de,public_only,metadata_analysis_and_short_excerpts,not_required_official_or_source_family,https://morflot.gov.ru/,2026-07-18,
ru_colonelcassad,Colonelcassad,RU,,milblogger,,,Russian Federation,high,True,manual_core_actor,russian_information_space|telegram_priority,,ru|en|de,public_only,metadata_analysis_and_short_excerpts,not_required_official_or_source_family,https://t.me/boris_rozhin,2026-07-18,
ru_rybar,Rybar,RU,,milblogger,,,Russian Federation,critical,True,manual_core_actor,russian_information_space|telegram_priority|military,,ru|en|de,public_only,metadata_analysis_and_short_excerpts,not_required_official_or_source_family,https://t.me/rybar,2026-07-18,
ru_two_majors,Two Majors,RU,,milblogger,,,Russian Federation,high,True,manual_core_actor,russian_information_space|telegram_priority,,ru|en|de,public_only,metadata_analysis_and_short_excerpts,not_required_official_or_source_family,https://t.me/dva_majors,2026-07-18,
ru_wargonzo,WarGonzo,RU,,milblogger,,,Russian Federation,high,True,manual_core_actor,russian_information_space|telegram_priority,,ru|en|de,public_only,metadata_analysis_and_short_excerpts,not_required_official_or_source_family,https://t.me/wargonzo,2026-07-18,
ru_baltic_fleet,Baltic Fleet source family,RU,,military_source_family,,,Russian Federation,critical,True,manual_core_actor,russian_information_space|baltic|maritime,,ru|en|de,public_only,metadata_analysis_and_short_excerpts,not_required_official_or_source_family,https://eng.mil.ru/en/structure/forces/navy/associations/structure/forces/type/navy/baltic.htm,2026-07-18,
ru_northern_fleet,Northern Fleet source family,RU,,military_source_family,,,Russian Federation,high,True,manual_core_actor,russian_information_space|arctic|maritime,,ru|en|de,public_only,metadata_analysis_and_short_excerpts,not_required_official_or_source_family,https://eng.mil.ru/en/structure/forces/navy/associations/structure/forces/type/navy/north.htm,2026-07-18,
ru_zvezda,Zvezda,RU,,military_state_media,,,Russian Federation,high,True,manual_core_actor,russian_information_space|military_media,,ru|en|de,public_only,metadata_analysis_and_short_excerpts,not_required_official_or_source_family,https://tvzvezda.ru/,2026-07-18,
ru_kremlin,Kremlin / President of Russia,RU,,official_state_source,,,Russian Federation,critical,True,manual_core_actor,russian_information_space|official_origin,,ru|en|de,public_only,metadata_analysis_and_short_excerpts,not_required_official_or_source_family,https://en.kremlin.ru/,2026-07-18,
ru_mod,Ministry of Defence of Russia,RU,,official_state_source,,,Russian Federation,critical,True,manual_core_actor,russian_information_space|military_origin,,ru|en|de,public_only,metadata_analysis_and_short_excerpts,not_required_official_or_source_family,https://eng.mil.ru/,2026-07-18,
ru_mfa,Ministry of Foreign Affairs of Russia,RU,,official_state_source,,,Russian Federation,critical,True,manual_core_actor,russian_information_space|official_origin|diplomatic_messaging,,ru|en|de,public_only,metadata_analysis_and_short_excerpts,not_required_official_or_source_family,https://mid.ru/en/,2026-07-18,
ru_embassy_germany,Russian Embassy in Germany,RU,DE,official_state_source,,,Russian Federation,critical,True,manual_core_actor,russian_information_space|german_language|diplomatic_messaging,,ru|en|de,public_only,metadata_analysis_and_short_excerpts,not_required_official_or_source_family,https://germany.mid.ru/de_DE/,2026-07-18,
ru_kaliningrad_government,Kaliningrad regional government,RU,,regional_state_source,,,Russian Federation,high,True,manual_core_actor,russian_information_space|kaliningrad|baltic,,ru|en|de,public_only,metadata_analysis_and_short_excerpts,not_required_official_or_source_family,https://gov39.ru/,2026-07-18,
ru_readovka,Readovka,RU,,state_aligned_media,,,Russian Federation,high,True,manual_core_actor,russian_information_space|telegram_priority,,ru|en|de,public_only,metadata_analysis_and_short_excerpts,not_required_official_or_source_family,https://t.me/readovkanews,2026-07-18,
ru_soloviev_live,Solovyov Live,RU,,state_aligned_media,,,Russian Federation,critical,True,manual_core_actor,russian_information_space|high_reach|telegram_priority,,ru|en|de,public_only,metadata_analysis_and_short_excerpts,not_required_official_or_source_family,https://soloviev.live/,2026-07-18,
ru_tsargrad,Tsargrad,RU,,state_aligned_media,,,Russian Federation,high,True,manual_core_actor,russian_information_space|ideological_media,,ru|en|de,public_only,metadata_analysis_and_short_excerpts,not_required_official_or_source_family,https://tsargrad.tv/,2026-07-18,
ru_ria,RIA Novosti,RU,,state_media,,,Russian Federation,high,True,manual_core_actor,russian_information_space|official_news_agency,,ru|en|de,public_only,metadata_analysis_and_short_excerpts,not_required_official_or_source_family,https://ria.ru/,2026-07-18,
ru_rt_global,RT,RU,,state_media,,,Russian Federation,critical,True,manual_core_actor,russian_information_space|state_media|international,,ru|en|de,public_only,metadata_analysis_only,not_required_official_or_source_family,https://www.rt.com/,2026-07-18,
ru_rossiya1,Rossiya 1,RU,,state_media,,,Russian Federation,high,True,manual_core_actor,russian_information_space|television,,ru|en|de,public_only,metadata_analysis_and_short_excerpts,not_required_official_or_source_family,https://smotrim.ru/channel/1,2026-07-18,
ru_sputnik,Sputnik International,RU,,state_media,,,Russian Federation,critical,True,manual_core_actor,russian_information_space|state_media|international,,ru|en|de,public_only,metadata_analysis_only,not_required_official_or_source_family,https://sputnikglobe.com/,2026-07-18,
ru_tass,TASS,RU,,state_media,,,Russian Federation,high,True,manual_core_actor,russian_information_space|official_news_agency,,ru|en|de,public_only,metadata_analysis_and_short_excerpts,not_required_official_or_source_family,https://tass.com/,2026-07-18,
ru_rossiya_segodnya,Rossiya Segodnya,RU,,state_media_parent,,,Russian Federation,high,True,manual_core_actor,russian_information_space|state_media_parent,,ru|en|de,public_only,metadata_analysis_and_short_excerpts,not_required_official_or_source_family,https://россиясегодня.рф/,2026-07-18,
ru_rt_de,RT DE source family,RU,DE,state_media_source_family,,,Russian Federation,critical,True,manual_core_actor,russian_information_space|german_language|mirror_discovery,,ru|en|de,public_only,metadata_analysis_only,not_required_official_or_source_family,https://de.rt.com/,2026-07-18,
ru_sputnik_de,Sputnik German source family,RU,DE,state_media_source_family,,,Russian Federation,critical,True,manual_core_actor,russian_information_space|german_language|mirror_discovery,,ru|en|de,public_only,metadata_analysis_only,not_required_official_or_source_family,https://sputniknews.de/,2026-07-18,
sy_sana,SANA,SY,,state_media,,,SY,low,True,manual_core_actor,other_state_communication|syria,,en|de|tr|ar|ko,public_only,metadata_analysis_and_short_excerpts,not_required_official_or_source_family,https://sana.sy/en/,2026-07-18,
tr_directorate_comms,Türkiye Directorate of Communications,TR,,official_state_source,,,TR,normal,True,manual_core_actor,other_state_communication|turkey,,en|de|tr|ar|ko,public_only,metadata_analysis_and_short_excerpts,not_required_official_or_source_family,https://www.iletisim.gov.tr/english,2026-07-18,
tr_anadolu,Anadolu Agency,TR,,state_media,,,TR,normal,True,manual_core_actor,other_state_communication|turkey,,en|de|tr|ar|ko,public_only,metadata_analysis_and_short_excerpts,not_required_official_or_source_family,https://www.aa.com.tr/en,2026-07-18,
tr_trt_deutsch,TRT Deutsch,TR,,state_media,,,TR,normal,True,manual_core_actor,other_state_communication|german_language|turkey,,en|de|tr|ar|ko,public_only,metadata_analysis_and_short_excerpts,not_required_official_or_source_family,https://www.trtdeutsch.com/,2026-07-18,
tr_trt_world,TRT World,TR,,state_media,,,TR,normal,True,manual_core_actor,other_state_communication|turkey,,en|de|tr|ar|ko,public_only,metadata_analysis_and_short_excerpts,not_required_official_or_source_family,https://www.trtworld.com/,2026-07-18,
ye_almasirah,Al-Masirah,YE,,armed_group_media,,,Ansar Allah / Houthi movement,critical,True,manual_core_actor,iran_and_regional_information_space|houthi|red_sea|maritime,,fa|en|ar|de,public_only,metadata_analysis_and_short_excerpts,not_required_official_or_source_family,https://english.masirahtv.net/,2026-07-18,
ye_yahya_saree,Yahya Saree media statements,YE,,armed_group_official_source,,,Ansar Allah / Houthi movement,critical,True,manual_core_actor,iran_and_regional_information_space|houthi|red_sea|maritime,,fa|en|ar|de,public_only,metadata_analysis_and_short_excerpts,not_required_official_or_source_family,https://x.com/army21ye,2026-07-18,
