actor_id,display_name,country,actor_class,priority,platform,handle_or_domain,profile_url,verification_status,ingest_enabled
by_belarus1,Belarus 1,BY,state_media,normal,website,tvr.by/eng,https://www.tvr.by/eng/,official_primary,True
by_belta,BelTA,BY,state_media,critical,website,eng.belta.by,https://eng.belta.by/,official_primary,True
by_embassy_germany,Embassy of Belarus in Germany,BY,official_state_source,high,website,germany.mfa.gov.by/en,https://germany.mfa.gov.by/en/,official_primary,True
by_mfa,Belarus Ministry of Foreign Affairs,BY,official_state_source,critical,instagram,belarusmfa,https://www.instagram.com/belarusmfa/,official_primary,True
by_mfa,Belarus Ministry of Foreign Affairs,BY,official_state_source,critical,telegram,BelarusMFA,https://t.me/BelarusMFA,official_primary,True
by_mfa,Belarus Ministry of Foreign Affairs,BY,official_state_source,critical,website,mfa.gov.by/en,https://mfa.gov.by/en/,official_primary,True
by_mfa,Belarus Ministry of Foreign Affairs,BY,official_state_source,critical,x,BelarusMFA,https://x.com/BelarusMFA,official_primary,True
by_mfa,Belarus Ministry of Foreign Affairs,BY,official_state_source,critical,x,BelarusMID,https://x.com/BelarusMID,official_primary,True
by_mfa,Belarus Ministry of Foreign Affairs,BY,official_state_source,critical,youtube,BelarusMFA,https://www.youtube.com/user/BelarusMFA,official_primary,True
by_mod,Belarus Ministry of Defence,BY,official_state_source,high,website,mil.by/en,https://www.mil.by/en/,official_primary,True
by_ont,ONT,BY,state_media,normal,website,ont.by,https://ont.by/,official_primary,True
by_president,President of Belarus press service,BY,official_state_source,high,website,president.gov.by/en,https://president.gov.by/en,official_primary,True
by_sb,SB Belarus Today,BY,state_media,high,website,sb.by/en,https://www.sb.by/en/,official_primary,True
cn_belt_road_portal,Belt and Road Portal,CN,official_state_source,normal,website,eng.yidaiyilu.gov.cn,https://eng.yidaiyilu.gov.cn/,official_primary,True
cn_cctv,CCTV,CN,state_media,high,website,english.cctv.com,https://english.cctv.com/,official_primary,True
cn_cgtn,CGTN,CN,state_media,critical,instagram,cgtn,https://www.instagram.com/cgtn/,official_platform,True
cn_cgtn,CGTN,CN,state_media,critical,website,cgtn.com,https://www.cgtn.com/,official_primary,True
cn_cgtn,CGTN,CN,state_media,critical,x,CGTNOfficial,https://x.com/CGTNOfficial,official_platform,True
cn_china_coast_guard,China Coast Guard,CN,maritime_state_source,high,website,ccg.gov.cn,https://www.ccg.gov.cn/,official_primary,True
cn_china_daily,China Daily,CN,state_media,high,website,chinadaily.com.cn,https://www.chinadaily.com.cn/,official_primary,True
cn_china_daily,China Daily,CN,state_media,high,x,ChinaDaily,https://x.com/ChinaDaily,official_platform,True
cn_china_merchants_port,China Merchants Port,CN,maritime_state_corporate_source,normal,website,cmport.com.hk,https://www.cmport.com.hk/,official_primary,True
cn_china_military,China Military / PLA Daily,CN,military_state_media,high,website,eng.chinamil.com.cn,http://eng.chinamil.com.cn/,official_primary,True
cn_cosco,COSCO Shipping,CN,maritime_state_corporate_source,high,website,en.coscoshipping.com,https://en.coscoshipping.com/,official_primary,True
cn_embassy_germany,Embassy of China in Germany,CN,official_state_source,critical,website,de.china-embassy.gov.cn/det,http://de.china-embassy.gov.cn/det/,official_primary,True
cn_embassy_germany,Embassy of China in Germany,CN,official_state_source,critical,x,ChinaEmbGermany,https://x.com/ChinaEmbGermany,official_platform,True
cn_glassbridge,Glassbridge network,CN,known_fimi_infrastructure,high,pattern,coordinated content placement and syndication network,,research_attributed,True
cn_glassbridge,Glassbridge network,CN,known_fimi_infrastructure,high,website,recordedfuture.com/research/chinese-influence-operation-targets-us-elections,https://www.recordedfuture.com/research/chinese-influence-operation-targets-us-elections,research_attributed,True
cn_global_times,Global Times,CN,state_aligned_media,high,website,globaltimes.cn,https://www.globaltimes.cn/,official_primary,True
cn_global_times,Global Times,CN,state_aligned_media,high,x,globaltimesnews,https://x.com/globaltimesnews,official_platform,True
cn_hai_energy,HaiEnergy influence network,CN,known_fimi_infrastructure,high,website,mandiant.com/resources/blog/pro-prc-influence-campaign-hai-energy,https://www.mandiant.com/resources/blog/pro-prc-influence-campaign-hai-energy,research_attributed,True
cn_maritime_safety_admin,China Maritime Safety Administration,CN,maritime_state_source,high,website,msa.gov.cn,https://www.msa.gov.cn/,official_primary,True
cn_mfa,China MFA Spokesperson,CN,official_state_source,critical,instagram,mfa_china,https://www.instagram.com/mfa_china/,official_platform,True
cn_mfa,China MFA Spokesperson,CN,official_state_source,critical,website,mfa.gov.cn/eng,https://www.mfa.gov.cn/eng/,official_primary,True
cn_mfa,China MFA Spokesperson,CN,official_state_source,critical,x,MFA_China,https://x.com/MFA_China,official_platform,True
cn_paperwall,Paperwall network,CN,known_fimi_infrastructure,high,pattern,pseudo-local news domains with shared infrastructure,,research_attributed,True
cn_paperwall,Paperwall network,CN,known_fimi_infrastructure,high,website,citizenlab.ca/2024/02/paperwall-chinese-websites-local-news-outlets,https://citizenlab.ca/2024/02/paperwall-chinese-websites-local-news-outlets/,research_attributed,True
cn_peoples_daily,People's Daily,CN,state_media,high,website,en.people.cn,http://en.people.cn/,official_primary,True
cn_peoples_daily,People's Daily,CN,state_media,high,x,PDChina,https://x.com/PDChina,official_platform,True
cn_scio,State Council Information Office,CN,official_state_source,high,website,english.scio.gov.cn,http://english.scio.gov.cn/,official_primary,True
cn_spamouflage,Spamouflage / Dragonbridge,CN,known_fimi_infrastructure,critical,pattern,new/repurposed account clusters sharing PRC-aligned media,,research_attributed,True
cn_spamouflage,Spamouflage / Dragonbridge,CN,known_fimi_infrastructure,critical,website,blog.google/threat-analysis-group/over-50000-instances-of-dragonbridge-activity-disrupted-in-2022,https://blog.google/threat-analysis-group/over-50000-instances-of-dragonbridge-activity-disrupted-in-2022/,research_attributed,True
cn_xinhua,Xinhua News Agency,CN,state_media,critical,instagram,chinaxinhuanews,https://www.instagram.com/chinaxinhuanews/,official_platform,True
cn_xinhua,Xinhua News Agency,CN,state_media,critical,website,english.news.cn,https://english.news.cn/,official_primary,True
cn_xinhua,Xinhua News Agency,CN,state_media,critical,x,XHNews,https://x.com/XHNews,official_platform,True
de_afd_brandenburg,AfD Brandenburg,DE,state_party_channel,high,website,afd-brandenburg.de,https://afd-brandenburg.de/,official_primary,True
de_afd_bund,Alternative für Deutschland — Bundespartei,DE,party_channel,critical,instagram,afd.bund,https://www.instagram.com/afd.bund/,official_primary,True
de_afd_bund,Alternative für Deutschland — Bundespartei,DE,party_channel,critical,telegram,afdkompakt,https://t.me/afdkompakt,official_primary,True
de_afd_bund,Alternative für Deutschland — Bundespartei,DE,party_channel,critical,x,AfD,https://x.com/AfD,official_primary,True
de_afd_bund,Alternative für Deutschland — Bundespartei,DE,party_channel,critical,youtube,@AfDTV,https://www.youtube.com/@AfDTV,official_primary,True
de_afd_bundestag,AfD-Bundestagsfraktion,DE,parliamentary_group,critical,website,afdbundestag.de,https://afdbundestag.de/,official_primary,True
de_afd_mecklenburg_vorpommern,AfD Mecklenburg-Vorpommern,DE,state_party_channel,high,website,afd-mv.de,https://afd-mv.de/,official_primary,True
de_afd_sachsen,AfD Sachsen,DE,state_party_channel,high,website,afdsachsen.de,https://afdsachsen.de/,official_primary,True
de_afd_sachsen_anhalt,AfD Sachsen-Anhalt,DE,state_party_channel,high,website,afd-lsa.de,https://afd-lsa.de/,official_primary,True
de_afd_thueringen,AfD Thüringen,DE,state_party_channel,high,website,afd-thueringen.de,https://afd-thueringen.de/,official_primary,True
de_afd_tv,AfD TV,DE,party_media,high,website,youtube.com/@AfDTV,https://www.youtube.com/@AfDTV,official_primary,True
de_alexander_dobrindt,Alexander Dobrindt,DE,political_actor,high,website,search.gesis.org/research_data/ZA9076,https://search.gesis.org/research_data/ZA9076,official_primary,False
de_alice_weidel,Alice Weidel,DE,political_actor,critical,instagram,alice.weidel,https://www.instagram.com/alice.weidel/,official_or_primary_crosslink,True
de_alice_weidel,Alice Weidel,DE,political_actor,critical,tiktok,alice_weidel_afd,https://www.tiktok.com/@alice_weidel_afd,official_or_primary_crosslink,True
de_alice_weidel,Alice Weidel,DE,political_actor,critical,x,Alice_Weidel,https://x.com/Alice_Weidel,official_or_primary_crosslink,True
de_amid_rabieh,Amid Rabieh,DE,political_actor,normal,website,bsw-vg.de/partei/parteivorstand,https://bsw-vg.de/partei/parteivorstand/,official_primary,False
de_amira_mohamed_ali,Amira Mohamed Ali,DE,political_actor,critical,x,Amira_M_Ali,https://x.com/Amira_M_Ali,official_or_primary_crosslink,True
de_annalena_baerbock,Annalena Baerbock,DE,political_actor,high,website,search.gesis.org/research_data/ZA9076,https://search.gesis.org/research_data/ZA9076,official_primary,False
de_anti_spiegel,Anti-Spiegel,DE,bridge_media,critical,telegram,AntiSpiegel,https://t.me/AntiSpiegel,official_platform_or_crosslink,True
de_anti_spiegel,Anti-Spiegel,DE,bridge_media,critical,website,anti-spiegel.ru,https://anti-spiegel.ru/,official_primary,True
de_apollo_news,Apollo News,DE,bridge_media,critical,website,apollo-news.net,https://apollo-news.net/,official_primary,True
de_apollo_news,Apollo News,DE,bridge_media,critical,x,apollo_news_de,https://x.com/apollo_news_de,official_platform_or_crosslink,True
de_apolut,Apolut,DE,bridge_media,high,telegram,apolut_net,https://t.me/apolut_net,official_platform_or_crosslink,True
de_apolut,Apolut,DE,bridge_media,high,website,apolut.net,https://apolut.net/,official_primary,True
de_auf1,AUF1,DE,bridge_media,critical,instagram,auf1.tv,https://www.instagram.com/auf1.tv/,official_platform_or_crosslink,True
de_auf1,AUF1,DE,bridge_media,critical,telegram,auf1tv,https://t.me/auf1tv,official_platform_or_crosslink,True
de_auf1,AUF1,DE,bridge_media,critical,website,auf1.tv,https://auf1.tv/,official_primary,True
de_auf1,AUF1,DE,bridge_media,critical,youtube,@auf1tv,https://www.youtube.com/@auf1tv,official_platform_or_crosslink,True
de_auswaertiges_amt,Auswärtiges Amt,DE,government_source,critical,x,AuswaertigesAmt,https://x.com/AuswaertigesAmt,official_platform,True
de_beatrix_von_storch,Beatrix von Storch,DE,political_actor,high,x,Beatrix_vStorch,https://x.com/Beatrix_vStorch,official_or_primary_crosslink,True
de_bjoern_hoecke,Björn Höcke,DE,political_actor,critical,instagram,bjoern_hoecke_afd,https://www.instagram.com/bjoern_hoecke_afd/,official_or_primary_crosslink,True
de_bjoern_hoecke,Björn Höcke,DE,political_actor,critical,x,BjoernHoecke,https://x.com/BjoernHoecke,official_or_primary_crosslink,True
de_bmvg,Bundesministerium der Verteidigung,DE,government_source,critical,x,BMVg_Bundeswehr,https://x.com/BMVg_Bundeswehr,official_platform,True
de_bodo_ramelow,Bodo Ramelow,DE,political_actor,high,website,die-linke.de/partei/parteidemokratie/parteivorstand,https://www.die-linke.de/partei/parteidemokratie/parteivorstand/,official_primary,False
de_boris_pistorius,Boris Pistorius,DE,political_actor,critical,website,search.gesis.org/research_data/ZA9076,https://search.gesis.org/research_data/ZA9076,official_primary,False
de_bsw_brandenburg,BSW Brandenburg,DE,state_party_channel,high,website,bb.bsw-vg.de,https://bb.bsw-vg.de/,official_primary,True
de_bsw_bund,Bündnis Sahra Wagenknecht — Bundespartei,DE,party_channel,critical,facebook,BSW.Bund,https://www.facebook.com/BSW.Bund,official_primary,True
de_bsw_bund,Bündnis Sahra Wagenknecht — Bundespartei,DE,party_channel,critical,instagram,bsw.bund,https://www.instagram.com/bsw.bund,official_primary,True
de_bsw_bund,Bündnis Sahra Wagenknecht — Bundespartei,DE,party_channel,critical,tiktok,bsw.bund,https://www.tiktok.com/@bsw.bund,official_primary,True
de_bsw_bund,Bündnis Sahra Wagenknecht — Bundespartei,DE,party_channel,critical,x,BSWbund,https://x.com/BSWbund,official_primary,True
de_bsw_bund,Bündnis Sahra Wagenknecht — Bundespartei,DE,party_channel,critical,youtube,@BSWbund,https://www.youtube.com/@BSWbund,official_primary,True
de_bsw_mecklenburg_vorpommern,BSW Mecklenburg-Vorpommern,DE,state_party_channel,high,website,mv.bsw-vg.de,https://mv.bsw-vg.de/,official_primary,True
de_bsw_sachsen_anhalt,BSW Sachsen-Anhalt,DE,state_party_channel,high,website,st.bsw-vg.de,https://st.bsw-vg.de/,official_primary,True
de_bsw_thueringen,BSW Thüringen,DE,state_party_channel,high,website,th.bsw-vg.de,https://th.bsw-vg.de/,official_primary,True
de_bundesregierung,Bundesregierung,DE,government_source,critical,x,Bundesregierung,https://x.com/Bundesregierung,official_platform,True
de_carola_rackete,Carola Rackete,DE,political_actor,high,website,die-linke.de/partei/parteidemokratie/parteivorstand,https://www.die-linke.de/partei/parteidemokratie/parteivorstand/,official_primary,False
de_carsten_linnemann,Carsten Linnemann,DE,political_actor,high,website,search.gesis.org/research_data/ZA9076,https://search.gesis.org/research_data/ZA9076,official_primary,False
de_cdu_bund,CDU Deutschlands,DE,party_channel,high,x,CDU,https://x.com/CDU,official_platform,True
de_cem_oezdemir,Cem Özdemir,DE,political_actor,high,website,search.gesis.org/research_data/ZA9076,https://search.gesis.org/research_data/ZA9076,official_primary,False
de_christian_duerr,Christian Dürr,DE,political_actor,normal,website,bundesregierung.de/breg-de/bundesregierung/bundeskabinett,https://www.bundesregierung.de/breg-de/bundesregierung/bundeskabinett,official_primary,False
de_christian_leye,Christian Leye,DE,political_actor,normal,website,bsw-vg.de/partei/parteivorstand,https://bsw-vg.de/partei/parteivorstand/,official_primary,False
de_christian_lindner,Christian Lindner,DE,political_actor,high,x,c_lindner,https://x.com/c_lindner,research_dataset_or_primary_crosslink,True
de_christina_baum,Christina Baum,DE,political_actor,normal,website,bundestag.de/abgeordnete/biografien/B/baum_christina-1043510,https://www.bundestag.de/abgeordnete/biografien/B/baum_christina-1043510,official_primary,False
de_compact,COMPACT,DE,bridge_media,high,website,compact-online.de,https://www.compact-online.de/,official_primary,True
de_csu_bund,Christlich-Soziale Union,DE,party_channel,high,x,CSU,https://x.com/CSU,official_platform,True
de_deutschland_kurier,Deutschland-Kurier,DE,party_aligned_media,high,website,deutschlandkurier.de,https://deutschlandkurier.de/,official_primary,True
de_deutschland_kurier,Deutschland-Kurier,DE,party_aligned_media,high,x,Deu_Kurier,https://x.com/Deu_Kurier,official_platform_or_crosslink,True
de_dietmar_bartsch,Dietmar Bartsch,DE,political_actor,normal,website,die-linke.de/partei/parteidemokratie/parteivorstand,https://www.die-linke.de/partei/parteidemokratie/parteivorstand/,official_primary,False
de_dorothee_baer,Dorothee Bär,DE,political_actor,high,website,bundesregierung.de/breg-de/bundesregierung/bundeskabinett,https://www.bundesregierung.de/breg-de/bundesregierung/bundeskabinett,official_primary,False
de_epoch_times,Epoch Times Deutsch,DE,bridge_media,high,website,epochtimes.de,https://www.epochtimes.de/,official_primary,True
de_epoch_times,Epoch Times Deutsch,DE,bridge_media,high,x,EpochTimesDE,https://x.com/EpochTimesDE,official_platform_or_crosslink,True
de_fabio_de_masi,Fabio De Masi,DE,political_actor,critical,x,FabioDeMasi,https://x.com/FabioDeMasi,official_or_primary_crosslink,True
de_fdp_bund,Freie Demokratische Partei,DE,party_channel,high,x,fdp,https://x.com/fdp,official_platform,True
de_felix_banaszak,Felix Banaszak,DE,political_actor,high,website,search.gesis.org/research_data/ZA9076,https://search.gesis.org/research_data/ZA9076,official_primary,False
de_ferat_kocak,Ferat Koçak,DE,political_actor,high,x,ferat_kocak,https://x.com/ferat_kocak,official_or_primary_crosslink,True
de_franziska_brantner,Franziska Brantner,DE,political_actor,high,website,search.gesis.org/research_data/ZA9076,https://search.gesis.org/research_data/ZA9076,official_primary,False
de_freie_sachsen,Freie Sachsen,DE,political_movement_channel,critical,telegram,freie_sachsen,https://t.me/freie_sachsen,official_platform_or_crosslink,True
de_freie_sachsen,Freie Sachsen,DE,political_movement_channel,critical,website,freie-sachsen.info,https://freie-sachsen.info/,official_primary,True
de_friedrich_merz,Friedrich Merz,DE,political_actor,critical,x,_FriedrichMerz,https://x.com/_FriedrichMerz,research_dataset_or_primary_crosslink,True
de_friedrich_puerner,Friedrich Pürner,DE,political_actor,high,instagram,puernerfriedrich,https://www.instagram.com/puernerfriedrich/,official_or_primary_crosslink,True
de_friedrich_puerner,Friedrich Pürner,DE,political_actor,high,tiktok,friedrich.puerner,https://www.tiktok.com/@friedrich.puerner,official_or_primary_crosslink,True
de_friedrich_puerner,Friedrich Pürner,DE,political_actor,high,x,DrPuerner,https://x.com/DrPuerner,official_or_primary_crosslink,True
de_generation_deutschland,Generation Deutschland,DE,party_youth_channel,high,website,afd.de/generation-deutschland,https://www.afd.de/generation-deutschland/,official_primary,True
de_gottfried_curio,Gottfried Curio,DE,political_actor,high,website,bundestag.de/abgeordnete/biografien/C/curio_gottfried-1044074,https://www.bundestag.de/abgeordnete/biografien/C/curio_gottfried-1044074,official_primary,False
de_gregor_gysi,Gregor Gysi,DE,political_actor,high,instagram,gregorgysi,https://www.instagram.com/gregorgysi/,official_or_primary_crosslink,True
de_gregor_gysi,Gregor Gysi,DE,political_actor,high,x,GregorGysi,https://x.com/GregorGysi,official_or_primary_crosslink,True
de_gruene_bund,Bündnis 90/Die Grünen,DE,party_channel,high,x,Die_Gruenen,https://x.com/Die_Gruenen,official_platform,True
de_hannes_gnauck,Hannes Gnauck,DE,political_actor,high,website,bundestag.de/abgeordnete/biografien/G/gnauck_hannes-1044704,https://www.bundestag.de/abgeordnete/biografien/G/gnauck_hannes-1044704,official_primary,False
de_hans_georg_maassen,Hans-Georg Maaßen,DE,political_actor,high,x,HGMaassen,https://x.com/HGMaassen,official_or_primary_crosslink,True
de_heidi_reichinnek,Heidi Reichinnek,DE,political_actor,critical,bluesky,heidireichinnek.de,https://bsky.app/profile/heidireichinnek.de,official_or_primary_crosslink,True
de_heidi_reichinnek,Heidi Reichinnek,DE,political_actor,critical,instagram,heidireichinnek,https://www.instagram.com/heidireichinnek/,official_or_primary_crosslink,True
de_heidi_reichinnek,Heidi Reichinnek,DE,political_actor,critical,tiktok,heidireichinnek,https://www.tiktok.com/@heidireichinnek,official_or_primary_crosslink,True
de_ines_schwerdtner,Ines Schwerdtner,DE,political_actor,high,website,die-linke.de/partei/parteidemokratie/parteivorstand,https://www.die-linke.de/partei/parteidemokratie/parteivorstand/,official_primary,False
de_jan_van_aken,Jan van Aken,DE,political_actor,high,website,die-linke.de/partei/parteidemokratie/parteivorstand,https://www.die-linke.de/partei/parteidemokratie/parteivorstand/,official_primary,False
de_jean_pascal_hohm,Jean-Pascal Hohm,DE,political_actor,high,website,afd.de/bundesvorstand,https://www.afd.de/bundesvorstand/,official_primary,False
de_jens_spahn,Jens Spahn,DE,political_actor,high,x,jensspahn,https://x.com/jensspahn,research_dataset_or_primary_crosslink,True
de_jessica_tatti,Jessica Tatti,DE,political_actor,normal,website,bsw-vg.de/partei/parteivorstand,https://bsw-vg.de/partei/parteivorstand/,official_primary,False
de_joana_cotar,Joana Cotar,DE,political_actor,high,x,JoanaCotar,https://x.com/JoanaCotar,official_or_primary_crosslink,True
de_johann_wadephul,Johann Wadephul,DE,political_actor,high,website,search.gesis.org/research_data/ZA9076,https://search.gesis.org/research_data/ZA9076,official_primary,False
de_jsw_bund,Jugendbündnis Sahra Wagenknecht,DE,party_youth_channel,normal,website,bsw-vg.de,https://bsw-vg.de/,official_primary,True
de_julia_kloeckner,Julia Klöckner,DE,political_actor,high,website,search.gesis.org/research_data/ZA9076,https://search.gesis.org/research_data/ZA9076,official_primary,False
de_julian_reichelt,Julian Reichelt,DE,high_reach_political_influencer,critical,website,nius.de,https://www.nius.de/,official_primary,True
de_junge_freiheit,Junge Freiheit,DE,bridge_media,critical,instagram,jungefreiheit,https://www.instagram.com/jungefreiheit/,official_platform_or_crosslink,True
de_junge_freiheit,Junge Freiheit,DE,bridge_media,critical,website,jungefreiheit.de,https://jungefreiheit.de/,official_primary,True
de_junge_freiheit,Junge Freiheit,DE,bridge_media,critical,x,Junge_Freiheit,https://x.com/Junge_Freiheit,official_platform_or_crosslink,True
de_junge_freiheit,Junge Freiheit,DE,bridge_media,critical,youtube,@Junge_Freiheit,https://www.youtube.com/@Junge_Freiheit,official_platform_or_crosslink,True
de_junge_welt,Junge Welt,DE,media_outlet,normal,website,jungewelt.de,https://www.jungewelt.de/,official_primary,True
de_karl_lauterbach,Karl Lauterbach,DE,political_actor,high,x,Karl_Lauterbach,https://x.com/Karl_Lauterbach,research_dataset_or_primary_crosslink,True
de_katharina_droege,Katharina Dröge,DE,political_actor,high,website,search.gesis.org/research_data/ZA9076,https://search.gesis.org/research_data/ZA9076,official_primary,False
de_kay_gottschalk,Kay Gottschalk,DE,political_actor,high,website,bundestag.de/abgeordnete/biografien/G/gottschalk_kay-1044736,https://www.bundestag.de/abgeordnete/biografien/G/gottschalk_kay-1044736,official_primary,False
de_klaus_ernst,Klaus Ernst,DE,political_actor,high,website,bsw-vg.de/partei/parteivorstand,https://bsw-vg.de/partei/parteivorstand/,official_primary,False
de_konstantin_kuhle,Konstantin Kuhle,DE,political_actor,normal,website,search.gesis.org/research_data/ZA9076,https://search.gesis.org/research_data/ZA9076,official_primary,False
de_lars_klingbeil,Lars Klingbeil,DE,political_actor,critical,x,larsklingbeil,https://x.com/larsklingbeil,research_dataset_or_primary_crosslink,True
de_linke_bund,Die Linke — Bundespartei,DE,party_channel,critical,facebook,linkspartei,https://www.facebook.com/linkspartei/,official_primary,True
de_linke_bund,Die Linke — Bundespartei,DE,party_channel,critical,instagram,dielinke,https://www.instagram.com/dielinke/,official_primary,True
de_linke_bund,Die Linke — Bundespartei,DE,party_channel,critical,telegram,dielinke,https://t.me/dielinke,official_primary,True
de_linke_bund,Die Linke — Bundespartei,DE,party_channel,critical,tiktok,die.linke,https://www.tiktok.com/@die.linke,official_primary,True
de_linke_bund,Die Linke — Bundespartei,DE,party_channel,critical,x,dielinke,https://x.com/dielinke,official_primary,True
de_linke_bund,Die Linke — Bundespartei,DE,party_channel,critical,youtube,dielinke,https://www.youtube.com/user/dielinke,official_primary,True
de_linke_bundestag,Gruppe Die Linke im Bundestag,DE,parliamentary_group,high,website,die-linke-im-bundestag.de,https://www.die-linke-im-bundestag.de/,official_primary,True
de_linksjugend,Linksjugend solid,DE,party_youth_channel,normal,website,linksjugend-solid.de,https://www.linksjugend-solid.de/,official_primary,True
de_luigi_pantisano,Luigi Pantisano,DE,political_actor,high,website,die-linke.de/partei/parteidemokratie/parteivorstand,https://www.die-linke.de/partei/parteidemokratie/parteivorstand/,official_primary,False
de_manova,Manova,DE,independent_media,normal,website,manova.news,https://www.manova.news/,official_primary,True
de_marie_agnes_strack_zimmermann,Marie-Agnes Strack-Zimmermann,DE,political_actor,high,x,MAStrackZi,https://x.com/MAStrackZi,research_dataset_or_primary_crosslink,True
de_markus_frohnmaier,Markus Frohnmaier,DE,political_actor,high,website,bundestag.de/abgeordnete/biografien/F/frohnmaier_markus-1044498,https://www.bundestag.de/abgeordnete/biografien/F/frohnmaier_markus-1044498,official_primary,False
de_markus_soeder,Markus Söder,DE,political_actor,critical,instagram,markus.soeder,https://www.instagram.com/markus.soeder/,research_dataset_or_primary_crosslink,True
de_markus_soeder,Markus Söder,DE,political_actor,critical,x,Markus_Soeder,https://x.com/Markus_Soeder,research_dataset_or_primary_crosslink,True
de_martin_schirdewan,Martin Schirdewan,DE,political_actor,normal,website,die-linke.de/partei/parteidemokratie/parteivorstand,https://www.die-linke.de/partei/parteidemokratie/parteivorstand/,official_primary,False
de_martin_sellner,Martin Sellner,DE,high_reach_political_influencer,critical,website,martin-sellner.at,https://www.martin-sellner.at/,official_primary,True
de_martin_sichert,Martin Sichert,DE,political_actor,high,website,bundestag.de/abgeordnete/biografien/S/sichert_martin-1047276,https://www.bundestag.de/abgeordnete/biografien/S/sichert_martin-1047276,official_primary,False
de_matthias_helferich,Matthias Helferich,DE,political_actor,high,instagram,matthiashelferichafd,https://www.instagram.com/matthiashelferichafd/,official_or_primary_crosslink,True
de_matthias_helferich,Matthias Helferich,DE,political_actor,high,x,MatthiasMdb,https://x.com/MatthiasMdb,official_or_primary_crosslink,True
de_matthias_helferich,Matthias Helferich,DE,political_actor,high,youtube,@matthiashelferichmdb,https://www.youtube.com/@matthiashelferichmdb,official_or_primary_crosslink,True
de_maximilian_krah,Maximilian Krah,DE,political_actor,critical,instagram,maximilian.krah,https://www.instagram.com/maximilian.krah/,official_or_primary_crosslink,True
de_maximilian_krah,Maximilian Krah,DE,political_actor,critical,tiktok,maximilian_krah,https://www.tiktok.com/@maximilian_krah,official_or_primary_crosslink,True
de_maximilian_krah,Maximilian Krah,DE,political_actor,critical,x,krahmax,https://x.com/krahmax,official_or_primary_crosslink,True
de_maximilian_krah,Maximilian Krah,DE,political_actor,critical,youtube,@dr.maximiliankrah5116,https://www.youtube.com/@dr.maximiliankrah5116,official_or_primary_crosslink,True
de_michael_lueders,Michael Lüders,DE,political_actor,high,website,bsw-vg.de/partei/parteivorstand,https://bsw-vg.de/partei/parteivorstand/,official_primary,False
de_multipolar,Multipolar,DE,independent_media,normal,website,multipolar-magazin.de,https://multipolar-magazin.de/,official_primary,True
de_nachdenkseiten,NachDenkSeiten,DE,independent_media,high,website,nachdenkseiten.de,https://www.nachdenkseiten.de/,official_primary,True
de_nachdenkseiten,NachDenkSeiten,DE,independent_media,high,x,NachDenkSeiten,https://x.com/NachDenkSeiten,official_platform_or_crosslink,True
de_naomi_seibt,Naomi Seibt,DE,high_reach_political_influencer,high,website,x.com/SeibtNaomi,https://x.com/SeibtNaomi,official_primary,True
de_naomi_seibt,Naomi Seibt,DE,high_reach_political_influencer,high,x,SeibtNaomi,https://x.com/SeibtNaomi,official_platform_or_crosslink,True
de_nius,NIUS,DE,bridge_media,critical,instagram,nius.de,https://www.instagram.com/nius.de/,official_platform_or_crosslink,True
de_nius,NIUS,DE,bridge_media,critical,website,nius.de,https://www.nius.de/,official_primary,True
de_norbert_roettgen,Norbert Röttgen,DE,political_actor,high,x,n_roettgen,https://x.com/n_roettgen,research_dataset_or_primary_crosslink,True
de_oezlem_demirel,Özlem Alev Demirel,DE,political_actor,high,website,die-linke.de/partei/parteidemokratie/parteivorstand,https://www.die-linke.de/partei/parteidemokratie/parteivorstand/,official_primary,False
de_oliver_ruhnert,Oliver Ruhnert,DE,political_actor,normal,website,bsw-vg.de/partei/parteivorstand,https://bsw-vg.de/partei/parteivorstand/,official_primary,False
de_omid_nouripour,Omid Nouripour,DE,political_actor,high,x,nouripour,https://x.com/nouripour,research_dataset_or_primary_crosslink,True
de_overton,Overton Magazin,DE,independent_media,normal,website,overton-magazin.de,https://overton-magazin.de/,official_primary,True
de_petr_bystron,Petr Bystron,DE,political_actor,high,website,europarl.europa.eu/meps/en/256937/PETR_BYSTRON/home,https://www.europarl.europa.eu/meps/en/256937/PETR_BYSTRON/home,official_primary,False
de_ralf_stegner,Ralf Stegner,DE,political_actor,high,website,search.gesis.org/research_data/ZA9076,https://search.gesis.org/research_data/ZA9076,official_primary,False
de_ralph_suikat,Ralph Suikat,DE,political_actor,normal,website,bsw-vg.de/partei/parteivorstand,https://bsw-vg.de/partei/parteivorstand/,official_primary,False
de_reitschuster,Reitschuster,DE,independent_media,high,telegram,reitschusterde,https://t.me/reitschusterde,official_platform_or_crosslink,True
de_reitschuster,Reitschuster,DE,independent_media,high,website,reitschuster.de,https://reitschuster.de/,official_primary,True
de_reitschuster,Reitschuster,DE,independent_media,high,x,reitschuster,https://x.com/reitschuster,official_platform_or_crosslink,True
de_rene_springer,René Springer,DE,political_actor,high,instagram,springer_rene,https://www.instagram.com/springer_rene/,official_or_primary_crosslink,True
de_rene_springer,René Springer,DE,political_actor,high,x,rene_springer,https://x.com/rene_springer,official_or_primary_crosslink,True
de_rezo,Rezo,DE,political_media_influencer,normal,website,youtube.com/@rezo,https://www.youtube.com/@rezo,official_primary,True
de_ricarda_lang,Ricarda Lang,DE,political_actor,high,x,Ricarda_Lang,https://x.com/Ricarda_Lang,research_dataset_or_primary_crosslink,True
de_roderich_kiesewetter,Roderich Kiesewetter,DE,political_actor,high,x,RKiesewetter,https://x.com/RKiesewetter,research_dataset_or_primary_crosslink,True
de_sahra_wagenknecht,Sahra Wagenknecht,DE,political_actor,critical,x,SWagenknecht,https://x.com/SWagenknecht,official_or_primary_crosslink,True
de_sawsan_chebli,Sawsan Chebli,DE,political_actor,normal,website,search.gesis.org/research_data/ZA9076,https://search.gesis.org/research_data/ZA9076,official_primary,False
de_sebastian_muenzenmaier,Sebastian Münzenmaier,DE,political_actor,high,website,bundestag.de/abgeordnete/biografien/M/muenzenmaier_sebastian-1046338,https://www.bundestag.de/abgeordnete/biografien/M/muenzenmaier_sebastian-1046338,official_primary,False
de_shervin_haghsheno,Shervin Haghsheno,DE,political_actor,normal,website,bsw-vg.de/partei/parteivorstand,https://bsw-vg.de/partei/parteivorstand/,official_primary,False
de_soeren_pellmann,Sören Pellmann,DE,political_actor,high,website,die-linke.de/partei/parteidemokratie/parteivorstand,https://www.die-linke.de/partei/parteidemokratie/parteivorstand/,official_primary,False
de_spd_bund,SPD Deutschlands,DE,party_channel,high,x,spdde,https://x.com/spdde,official_platform,True
de_stephan_brandner,Stephan Brandner,DE,political_actor,high,website,bundestag.de/abgeordnete/biografien/B/brandner_stephan-1043762,https://www.bundestag.de/abgeordnete/biografien/B/brandner_stephan-1043762,official_primary,False
de_tichys_einblick,Tichys Einblick,DE,independent_media,high,website,tichyseinblick.de,https://www.tichyseinblick.de/,official_primary,True
de_tichys_einblick,Tichys Einblick,DE,independent_media,high,x,TichysEinblick,https://x.com/TichysEinblick,official_platform_or_crosslink,True
de_tilo_jung,Tilo Jung / Jung & Naiv,DE,political_media_influencer,normal,website,jungundnaiv.de,https://www.jungundnaiv.de/,official_primary,True
de_tim_kellner,Tim Kellner,DE,high_reach_political_influencer,high,website,youtube.com/@TimKellner,https://www.youtube.com/@TimKellner,official_primary,True
de_tim_kellner,Tim Kellner,DE,high_reach_political_influencer,high,youtube,@TimKellner,https://www.youtube.com/@TimKellner,official_platform_or_crosslink,True
de_tino_chrupalla,Tino Chrupalla,DE,political_actor,critical,instagram,chrupallatino,https://www.instagram.com/chrupallatino/,official_or_primary_crosslink,True
de_tino_chrupalla,Tino Chrupalla,DE,political_actor,critical,tiktok,tino.chrupalla.afd,https://www.tiktok.com/@tino.chrupalla.afd,official_or_primary_crosslink,True
de_tino_chrupalla,Tino Chrupalla,DE,political_actor,critical,x,Tino_Chrupalla,https://x.com/Tino_Chrupalla,official_or_primary_crosslink,True
de_ulrich_siegmund,Ulrich Siegmund,DE,political_actor,critical,tiktok,mutzurwahrheit90,https://www.tiktok.com/@mutzurwahrheit90,official_or_primary_crosslink,True
de_ulrich_siegmund,Ulrich Siegmund,DE,political_actor,critical,x,UlrichSiegmund,https://x.com/UlrichSiegmund,official_or_primary_crosslink,True
de_wolfgang_kubicki,Wolfgang Kubicki,DE,political_actor,high,x,KubickiWo,https://x.com/KubickiWo,research_dataset_or_primary_crosslink,True
ir_alalam,Al-Alam,IR,state_media,high,website,alalam.ir,https://www.alalam.ir/,official_primary,True
ir_embassy_germany,Embassy of Iran in Germany,IR,official_state_source,high,website,germany.mfa.gov.ir/en,https://germany.mfa.gov.ir/en,official_primary,True
ir_fars,Fars News Agency,IR,state_aligned_media,high,website,farsnews.ir/en,https://www.farsnews.ir/en,official_primary,True
ir_irna,IRNA,IR,state_media,critical,instagram,en.Irna.ir,https://www.instagram.com/en.Irna.ir/,official_platform_or_crosslink,True
ir_irna,IRNA,IR,state_media,critical,telegram,Irna_en,https://t.me/Irna_en,official_platform_or_crosslink,True
ir_irna,IRNA,IR,state_media,critical,tiktok,irna_en,https://www.tiktok.com/@irna_en,official_platform_or_crosslink,True
ir_irna,IRNA,IR,state_media,critical,website,en.irna.ir,https://en.irna.ir/,official_primary,True
ir_irna,IRNA,IR,state_media,critical,x,IrnaEnglish,https://x.com/IrnaEnglish,official_platform_or_crosslink,True
ir_mehr,Mehr News Agency,IR,state_media,normal,website,en.mehrnews.com,https://en.mehrnews.com/,official_primary,True
ir_mfa,Iranian Ministry of Foreign Affairs,IR,official_state_source,critical,website,en.mfa.ir,https://en.mfa.ir/,official_primary,True
ir_mfa,Iranian Ministry of Foreign Affairs,IR,official_state_source,critical,x,IRIMFA_EN,https://x.com/IRIMFA_EN,official_platform_or_crosslink,True
ir_press_tv,Press TV,IR,state_media,critical,website,presstv.ir,https://www.presstv.ir/,official_primary,True
ir_press_tv,Press TV,IR,state_media,critical,x,PressTV,https://x.com/PressTV,official_platform_or_crosslink,True
ir_sepah_news,Sepah News / IRGC media family,IR,military_state_media,critical,website,sepahnews.ir,https://sepahnews.ir/,official_primary,True
ir_tasnim,Tasnim News,IR,state_aligned_media,high,website,tasnimnews.com/en,https://www.tasnimnews.com/en,official_primary,True
ir_tehran_times,Tehran Times,IR,state_aligned_media,normal,website,tehrantimes.com,https://www.tehrantimes.com/,official_primary,True
kp_kcna,KCNA,KP,state_media,low,website,kcna.kp/en,http://www.kcna.kp/en,official_primary,True
ref_bfv,Bundesamt für Verfassungsschutz,DE,factcheck_reference,high,website,verfassungsschutz.de,https://www.verfassungsschutz.de/,official_primary,True
ref_bsi,Bundesamt für Sicherheit in der Informationstechnik,DE,factcheck_reference,high,website,bsi.bund.de,https://www.bsi.bund.de/,official_primary,True
ref_correctiv,CORRECTIV Faktencheck,DE,factcheck_reference,high,website,correctiv.org/faktencheck,https://correctiv.org/faktencheck/,official_primary,True
ref_dfrlab,DFRLab,INT,factcheck_reference,high,website,dfrlab.org,https://dfrlab.org/,official_primary,True
ref_dpa_factcheck,dpa-Faktencheck,DE,factcheck_reference,high,website,dpa.com/de/faktencheck,https://www.dpa.com/de/faktencheck,official_primary,True
ref_dw_factcheck,DW Faktencheck,DE,factcheck_reference,high,website,dw.com/de/faktencheck/t-56728869,https://www.dw.com/de/faktencheck/t-56728869,official_primary,True
ref_eeas_fimi,EEAS FIMI,INT,factcheck_reference,high,website,eeas.europa.eu/eeas/foreign-information-manipulation-interference-fimi_en,https://www.eeas.europa.eu/eeas/foreign-information-manipulation-interference-fimi_en,official_primary,True
ref_eu_disinfolab,EU DisinfoLab,EU,factcheck_reference,high,website,disinfo.eu,https://www.disinfo.eu/,official_primary,True
ref_euvsdisinfo,EUvsDisinfo,EU,factcheck_reference,high,website,euvsdisinfo.eu,https://euvsdisinfo.eu/,official_primary,True
ref_nato_stratcom,NATO StratCom COE,INT,factcheck_reference,high,website,stratcomcoe.org,https://stratcomcoe.org/,official_primary,True
ref_tagesschau_faktenfinder,Tagesschau Faktenfinder,DE,factcheck_reference,high,website,tagesschau.de/faktenfinder,https://www.tagesschau.de/faktenfinder/,official_primary,True
ru_baltic_fleet,Baltic Fleet source family,RU,military_source_family,critical,website,eng.mil.ru/en/structure/forces/navy/associations/structure/forces/type/navy/baltic.htm,https://eng.mil.ru/en/structure/forces/navy/associations/structure/forces/type/navy/baltic.htm,research_attributed,True
ru_colonelcassad,Colonelcassad,RU,milblogger,high,telegram,boris_rozhin,https://t.me/boris_rozhin,official_platform_or_research_attributed,True
ru_colonelcassad,Colonelcassad,RU,milblogger,high,website,t.me/boris_rozhin,https://t.me/boris_rozhin,research_attributed,True
ru_copycop,CopyCop network,RU,known_fimi_infrastructure,high,website,recordedfuture.com/research/copycop-network-expands-ai-generated-content-farms,https://www.recordedfuture.com/research/copycop-network-expands-ai-generated-content-farms,research_attributed,True
ru_doppelgaenger,Doppelgänger operation,RU,known_fimi_infrastructure,critical,pattern,impersonated media/government domains,,research_attributed,True
ru_doppelgaenger,Doppelgänger operation,RU,known_fimi_infrastructure,critical,website,euvsdisinfo.eu/key-narratives-in-pro-kremlin-disinformation-campaign-doppelganger,https://euvsdisinfo.eu/key-narratives-in-pro-kremlin-disinformation-campaign-doppelganger/,research_attributed,True
ru_embassy_germany,Russian Embassy in Germany,RU,official_state_source,critical,instagram,rusbotschaft_deutschland,https://www.instagram.com/rusbotschaft_deutschland/,official_platform_or_research_attributed,True
ru_embassy_germany,Russian Embassy in Germany,RU,official_state_source,critical,telegram,RusBotschaft,https://t.me/RusBotschaft,official_platform_or_research_attributed,True
ru_embassy_germany,Russian Embassy in Germany,RU,official_state_source,critical,telegram,RusEmbDeu,https://t.me/RusEmbDeu,official_platform_or_research_attributed,True
ru_embassy_germany,Russian Embassy in Germany,RU,official_state_source,critical,website,germany.mid.ru/de_DE,https://germany.mid.ru/de_DE/,official_primary,True
ru_foundation_battle_injustice,Foundation to Battle Injustice,RU,known_fimi_infrastructure,critical,website,fondfbr.ru,https://fondfbr.ru/,research_attributed,True
ru_kaliningrad_government,Kaliningrad regional government,RU,regional_state_source,high,website,gov39.ru,https://gov39.ru/,official_primary,True
ru_kremlin,Kremlin / President of Russia,RU,official_state_source,critical,website,en.kremlin.ru,https://en.kremlin.ru/,official_primary,True
ru_matryoshka,Matryoshka operation,RU,known_fimi_infrastructure,critical,pattern,reply-bait and fake-media visual clusters,,research_attributed,True
ru_matryoshka,Matryoshka operation,RU,known_fimi_infrastructure,critical,website,disinfo.eu/doppelganger-and-matryoshka-two-sides-of-the-same-coin,https://www.disinfo.eu/doppelganger-and-matryoshka-two-sides-of-the-same-coin/,research_attributed,True
ru_mfa,Ministry of Foreign Affairs of Russia,RU,official_state_source,critical,telegram,MFARussia,https://t.me/MFARussia,official_platform_or_research_attributed,True
ru_mfa,Ministry of Foreign Affairs of Russia,RU,official_state_source,critical,website,mid.ru/en,https://mid.ru/en/,official_primary,True
ru_mfa,Ministry of Foreign Affairs of Russia,RU,official_state_source,critical,x,mfa_russia,https://x.com/mfa_russia,official_platform_or_research_attributed,True
ru_mod,Ministry of Defence of Russia,RU,official_state_source,critical,telegram,mod_russia,https://t.me/mod_russia,official_platform_or_research_attributed,True
ru_mod,Ministry of Defence of Russia,RU,official_state_source,critical,telegram,mod_russia_en,https://t.me/mod_russia_en,official_platform_or_research_attributed,True
ru_mod,Ministry of Defence of Russia,RU,official_state_source,critical,website,eng.mil.ru,https://eng.mil.ru/,official_primary,True
ru_mod,Ministry of Defence of Russia,RU,official_state_source,critical,x,mod_russia,https://x.com/mod_russia,official_platform_or_research_attributed,True
ru_newsfront,NewsFront,RU,known_fimi_infrastructure,critical,website,news-front.su,https://news-front.su/,research_attributed,True
ru_northern_fleet,Northern Fleet source family,RU,military_source_family,high,website,eng.mil.ru/en/structure/forces/navy/associations/structure/forces/type/navy/north.htm,https://eng.mil.ru/en/structure/forces/navy/associations/structure/forces/type/navy/north.htm,research_attributed,True
ru_portal_kombat,Portal Kombat / Pravda network,RU,known_fimi_infrastructure,critical,pattern,pravda-* / news-pravda domain family,,research_attributed,True
ru_portal_kombat,Portal Kombat / Pravda network,RU,known_fimi_infrastructure,critical,website,sgdsn.gouv.fr/publications/portal-kombat-network-russian-propaganda-portals,https://www.sgdsn.gouv.fr/publications/portal-kombat-network-russian-propaganda-portals,research_attributed,True
ru_portnews,PortNews,RU,maritime_media,high,website,en.portnews.ru,https://en.portnews.ru/,research_attributed,True
ru_readovka,Readovka,RU,state_aligned_media,high,telegram,readovkanews,https://t.me/readovkanews,official_platform_or_research_attributed,True
ru_readovka,Readovka,RU,state_aligned_media,high,website,t.me/readovkanews,https://t.me/readovkanews,research_attributed,True
ru_ria,RIA Novosti,RU,state_media,high,website,ria.ru,https://ria.ru/,official_primary,True
ru_rosatomflot,Atomflot,RU,maritime_state_corporate_source,high,website,rosatomflot.ru,https://www.rosatomflot.ru/,official_primary,True
ru_rosmorrechflot,Federal Agency for Maritime and River Transport,RU,maritime_state_source,high,website,morflot.gov.ru,https://morflot.gov.ru/,official_primary,True
ru_rossiya1,Rossiya 1,RU,state_media,high,website,smotrim.ru/channel/1,https://smotrim.ru/channel/1,official_primary,True
ru_rossiya_segodnya,Rossiya Segodnya,RU,state_media_parent,high,website,россиясегодня.рф,https://россиясегодня.рф/,research_attributed,True
ru_rt_de,RT DE source family,RU,state_media_source_family,critical,pattern,rt-de mirror discovery,,research_attributed,True
ru_rt_de,RT DE source family,RU,state_media_source_family,critical,website,de.rt.com,https://de.rt.com/,research_attributed,True
ru_rt_global,RT,RU,state_media,critical,telegram,rtnews,https://t.me/rtnews,official_platform_or_research_attributed,True
ru_rt_global,RT,RU,state_media,critical,website,rt.com,https://www.rt.com/,official_primary,True
ru_rt_global,RT,RU,state_media,critical,x,RT_com,https://x.com/RT_com,official_platform_or_research_attributed,True
ru_rybar,Rybar,RU,milblogger,critical,telegram,rybar,https://t.me/rybar,official_platform_or_research_attributed,True
ru_rybar,Rybar,RU,milblogger,critical,website,t.me/rybar,https://t.me/rybar,research_attributed,True
ru_soloviev_live,Solovyov Live,RU,state_aligned_media,critical,website,soloviev.live,https://soloviev.live/,research_attributed,True
ru_southfront,SouthFront,RU,known_fimi_infrastructure,critical,website,southfront.press,https://southfront.press/,research_attributed,True
ru_sovcomflot,Sovcomflot,RU,maritime_state_corporate_source,high,website,scf-group.com,https://www.scf-group.com/,official_primary,True
ru_sputnik,Sputnik International,RU,state_media,critical,website,sputnikglobe.com,https://sputnikglobe.com/,official_primary,True
ru_sputnik_de,Sputnik German source family,RU,state_media_source_family,critical,pattern,sputnik-de mirror discovery,,research_attributed,True
ru_sputnik_de,Sputnik German source family,RU,state_media_source_family,critical,website,sputniknews.de,https://sputniknews.de/,research_attributed,True
ru_storm_1516,Storm-1516 operation,RU,known_fimi_infrastructure,critical,pattern,pseudo-media + staged video account clusters,,research_attributed,True
ru_storm_1516,Storm-1516 operation,RU,known_fimi_infrastructure,critical,website,microsoft.com/en-us/security/security-insider/intelligence-reports/russian-influence-operations-converge-on-2024-us-election,https://www.microsoft.com/en-us/security/security-insider/intelligence-reports/russian-influence-operations-converge-on-2024-us-election,research_attributed,True
ru_strategic_culture,Strategic Culture Foundation,RU,known_fimi_infrastructure,critical,website,strategic-culture.su,https://strategic-culture.su/,research_attributed,True
ru_tass,TASS,RU,state_media,high,website,tass.com,https://tass.com/,official_primary,True
ru_tsargrad,Tsargrad,RU,state_aligned_media,high,website,tsargrad.tv,https://tsargrad.tv/,research_attributed,True
ru_two_majors,Two Majors,RU,milblogger,high,telegram,dva_majors,https://t.me/dva_majors,official_platform_or_research_attributed,True
ru_two_majors,Two Majors,RU,milblogger,high,website,t.me/dva_majors,https://t.me/dva_majors,research_attributed,True
ru_war_on_fakes,War on Fakes,RU,known_fimi_infrastructure,critical,telegram,warfakes,https://t.me/warfakes,official_platform_or_research_attributed,True
ru_war_on_fakes,War on Fakes,RU,known_fimi_infrastructure,critical,website,t.me/warfakes,https://t.me/warfakes,research_attributed,True
ru_wargonzo,WarGonzo,RU,milblogger,high,telegram,wargonzo,https://t.me/wargonzo,official_platform_or_research_attributed,True
ru_wargonzo,WarGonzo,RU,milblogger,high,website,t.me/wargonzo,https://t.me/wargonzo,research_attributed,True
ru_zvezda,Zvezda,RU,military_state_media,high,website,tvzvezda.ru,https://tvzvezda.ru/,research_attributed,True
sy_sana,SANA,SY,state_media,low,website,sana.sy/en,https://sana.sy/en/,official_primary,True
tr_anadolu,Anadolu Agency,TR,state_media,normal,website,aa.com.tr/en,https://www.aa.com.tr/en,official_primary,True
tr_directorate_comms,Türkiye Directorate of Communications,TR,official_state_source,normal,website,iletisim.gov.tr/english,https://www.iletisim.gov.tr/english,official_primary,True
tr_trt_deutsch,TRT Deutsch,TR,state_media,normal,website,trtdeutsch.com,https://www.trtdeutsch.com/,official_primary,True
tr_trt_world,TRT World,TR,state_media,normal,website,trtworld.com,https://www.trtworld.com/,official_primary,True
ye_almasirah,Al-Masirah,YE,armed_group_media,critical,telegram,Almasirah_En,https://t.me/Almasirah_En,official_platform_or_crosslink,True
ye_almasirah,Al-Masirah,YE,armed_group_media,critical,website,english.masirahtv.net,https://english.masirahtv.net/,official_primary,True
ye_yahya_saree,Yahya Saree media statements,YE,armed_group_official_source,critical,website,x.com/army21ye,https://x.com/army21ye,official_primary,True
ye_yahya_saree,Yahya Saree media statements,YE,armed_group_official_source,critical,x,army21ye,https://x.com/army21ye,official_platform_or_crosslink,True
